-- --------------------------------------------------------
-- Сервер:                       127.0.0.1
-- Версія сервера:               5.6.38 - MySQL Community Server (GPL)
-- ОС сервера:                   Win32
-- HeidiSQL Версія:              9.5.0.5196
-- --------------------------------------------------------

/*!40101 SET @OLD_CHARACTER_SET_CLIENT=@@CHARACTER_SET_CLIENT */;
/*!40101 SET NAMES utf8 */;
/*!50503 SET NAMES utf8mb4 */;
/*!40014 SET @OLD_FOREIGN_KEY_CHECKS=@@FOREIGN_KEY_CHECKS, FOREIGN_KEY_CHECKS=0 */;
/*!40101 SET @OLD_SQL_MODE=@@SQL_MODE, SQL_MODE='NO_AUTO_VALUE_ON_ZERO' */;


-- Dumping database structure for Testing
CREATE DATABASE IF NOT EXISTS `Testing` /*!40100 DEFAULT CHARACTER SET utf8mb4 */;
USE `Testing`;

-- Dumping structure for таблиця Testing.test_category
CREATE TABLE IF NOT EXISTS `test_category` (
  `id` int(11) NOT NULL AUTO_INCREMENT,
  `name` varchar(100) DEFAULT NULL,
  PRIMARY KEY (`id`)
) ENGINE=InnoDB AUTO_INCREMENT=19 DEFAULT CHARSET=utf8mb4 ROW_FORMAT=COMPRESSED;

-- Dumping data for table Testing.test_category: ~15 rows (приблизно)
/*!40000 ALTER TABLE `test_category` DISABLE KEYS */;
INSERT INTO `test_category` (`id`, `name`) VALUES
	(1, 'Загальна інформація про компанію. Процеси підприємства. Структура підприємства'),
	(2, 'Політика якості. Системна документація - знання додатків, бланків'),
	(3, 'Кайдзен, 5S'),
	(4, 'Обходження з дефектними виробами'),
	(6, 'Безпека праці'),
	(7, 'Знання матеріалів, напівпродуктів, готової продукції'),
	(8, 'Процеси формування'),
	(9, 'Процеси формування Audi'),
	(10, 'Менеджмент. Стилі управління. Лідер і керівник'),
	(11, '3 points control'),
	(12, 'Аналітичне мислення'),
	(14, 'Нарізання проводів'),
	(15, 'HV'),
	(16, 'Напівфабрикати'),
	(18, 'Комплектування РМ, укладальники-пакувальники');
/*!40000 ALTER TABLE `test_category` ENABLE KEYS */;

-- Dumping structure for таблиця Testing.test_districts
CREATE TABLE IF NOT EXISTS `test_districts` (
  `id` int(11) NOT NULL AUTO_INCREMENT,
  `name` varchar(50) DEFAULT NULL,
  PRIMARY KEY (`id`)
) ENGINE=InnoDB AUTO_INCREMENT=9 DEFAULT CHARSET=utf8mb4 ROW_FORMAT=COMPRESSED;

-- Dumping data for table Testing.test_districts: ~5 rows (приблизно)
/*!40000 ALTER TABLE `test_districts` DISABLE KEYS */;
INSERT INTO `test_districts` (`id`, `name`) VALUES
	(2, 'Формування Audi'),
	(5, 'Нарізання проводів'),
	(6, 'HV'),
	(7, 'Напівфабрикати'),
	(8, 'Формування Гольф');
/*!40000 ALTER TABLE `test_districts` ENABLE KEYS */;

-- Dumping structure for таблиця Testing.test_location
CREATE TABLE IF NOT EXISTS `test_location` (
  `id` int(11) NOT NULL AUTO_INCREMENT,
  `locID` int(11) DEFAULT NULL,
  `catID` int(11) DEFAULT NULL,
  `value` int(11) DEFAULT NULL,
  PRIMARY KEY (`id`)
) ENGINE=InnoDB AUTO_INCREMENT=78 DEFAULT CHARSET=utf8mb4 ROW_FORMAT=COMPRESSED;

-- Dumping data for table Testing.test_location: ~62 rows (приблизно)
/*!40000 ALTER TABLE `test_location` DISABLE KEYS */;
INSERT INTO `test_location` (`id`, `locID`, `catID`, `value`) VALUES
	(12, 2, 1, 10),
	(13, 2, 2, 10),
	(14, 2, 3, 10),
	(15, 2, 4, 5),
	(16, 2, 6, 5),
	(17, 2, 7, 5),
	(18, 2, 8, 0),
	(19, 2, 9, 20),
	(20, 2, 10, 10),
	(21, 2, 11, 15),
	(22, 2, 12, 10),
	(26, 5, 14, 20),
	(27, 5, 1, 10),
	(28, 5, 2, 10),
	(29, 5, 3, 10),
	(30, 5, 4, 5),
	(31, 5, 6, 5),
	(32, 5, 7, 5),
	(33, 5, 8, 0),
	(34, 5, 9, 0),
	(35, 5, 10, 10),
	(36, 5, 11, 15),
	(37, 5, 12, 10),
	(38, 5, 15, 0),
	(39, 6, 1, 10),
	(40, 6, 2, 10),
	(41, 6, 3, 10),
	(42, 6, 4, 5),
	(43, 6, 6, 5),
	(44, 6, 7, 5),
	(45, 6, 15, 20),
	(46, 6, 8, 0),
	(47, 6, 9, 0),
	(48, 6, 10, 10),
	(49, 6, 11, 15),
	(50, 6, 12, 10),
	(51, 7, 1, 10),
	(52, 7, 2, 10),
	(53, 7, 3, 10),
	(54, 7, 4, 5),
	(55, 7, 6, 5),
	(56, 7, 7, 5),
	(57, 7, 8, 0),
	(58, 7, 9, 0),
	(59, 7, 10, 10),
	(60, 7, 11, 15),
	(61, 7, 12, 10),
	(62, 7, 14, 0),
	(63, 7, 16, 20),
	(64, 8, 1, 10),
	(65, 8, 2, 10),
	(66, 8, 3, 10),
	(67, 8, 4, 5),
	(68, 8, 6, 5),
	(69, 8, 7, 5),
	(70, 8, 8, 20),
	(71, 8, 9, 0),
	(72, 8, 10, 10),
	(73, 8, 11, 15),
	(74, 8, 12, 10),
	(76, 2, 14, 0),
	(77, 5, 16, 0);
/*!40000 ALTER TABLE `test_location` ENABLE KEYS */;

-- Dumping structure for таблиця Testing.test_questions
CREATE TABLE IF NOT EXISTS `test_questions` (
  `id` int(11) NOT NULL AUTO_INCREMENT,
  `category` int(11) DEFAULT NULL,
  `pytannya` text,
  `variant_1` text,
  `variant_2` text,
  `variant_3` text,
  `variant_4` text,
  `vidpovid` tinyint(4) DEFAULT NULL,
  `img` int(11) DEFAULT NULL,
  PRIMARY KEY (`id`)
) ENGINE=InnoDB AUTO_INCREMENT=405 DEFAULT CHARSET=utf8mb4 ROW_FORMAT=COMPRESSED;

-- Dumping data for table Testing.test_questions: ~386 rows (приблизно)
/*!40000 ALTER TABLE `test_questions` DISABLE KEYS */;
INSERT INTO `test_questions` (`id`, `category`, `pytannya`, `variant_1`, `variant_2`, `variant_3`, `variant_4`, `vidpovid`, `img`) VALUES
	(1, 1, '`Борднетце`  в перекладі означає…', 'бортові мережі', 'задоволений замовник', 'зразкова якість', 'назва міста', 1, NULL),
	(2, 1, 'Що таке Sumitomo Wiring Systems?', 'це частина компанії "Борднетце"\r\n', 'це частина компанії "SEBN"\r\n', 'компанія SEBN - частина компанії Sumitomo Wiring Systems\r\n', 'це частина концерну  Volkswagen\r\n', 3, NULL),
	(3, 1, 'Компанія СЕБН утворилася в наслідок злиття ...?\r\n', 'Sumitomo Electric Industries та  Volkswagen Bordnetze Gmbh\r\n', 'Automotive Systems та Volkswagen Ag\r\n', 'Autosysteme Sumitomo та Bordnetze Kabelwerke\r\n', 'Automobile Systems та Sumitomo Ag\r\n', 1, NULL),
	(4, 1, 'Документ, що регулює відносини, узгоджує інтереси працівників та власників підприємства, це \r\n', 'заява на прийняття на роботу\r\n', 'інструкції з системної документації\r\n', 'посадова інструкція\r\n', 'колективний договір\r\n', 4, NULL),
	(5, 1, 'Відкриття заводу "СЕ Борднетце-Україна" в м.Тернополі відбулося в \r\n', '2001 році\r\n', '2010 році\r\n', '2003 році\r\n', '2006 році\r\n', 4, NULL),
	(6, 1, 'Відповідальність, повага, довіра, єдність - це', 'Strive\r\n', 'наші цінності\r\n', 'лозунг підприємства\r\n', 'базові компетенції\r\n', 2, NULL),
	(7, 1, 'Даний значок у Lotus Notes використовується для доступу', 'в базу даних Activities\r\n', 'в системну документацію Центрального Офісу\r\n', 'в базу даних менеджменту ідей\r\n', 'в системну документацію \r\n', 3, 1),
	(8, 1, 'Даний значок у Lotus Notes використовується для доступу', 'в базу даних Activities\r\n', 'в системну документацію Центрального Офісу\r\n', 'в базу даних менеджменту ідей\r\n', 'в системну документацію \r\n', 2, 1),
	(9, 1, 'Даний значок у Lotus Notes використовується для доступу', 'в базу даних Activities\r\n', 'в системну документацію Центрального Офісу\r\n', 'в базу даних менеджменту ідей\r\n', 'в системну документацію СЕ Борднетце-Україна\r\n', 4, 1),
	(10, 1, 'Даний значок у Lotus Notes використовується для доступу', 'в базу даних Activities\r\n', 'в системну документацію Центрального Офісу\r\n', 'в базу даних менеджменту ідей\r\n', 'в системну документацію \r\n', 1, 1),
	(11, 1, 'Лозунгом нашого підприємства є:\r\n', '0-Defect Strategy\r\n', 'Safety first\r\n', 'Networking with the future\r\n', 'Simple Thinking Communication\r\n', 3, NULL),
	(12, 1, 'PGM -це', 'ремонтно-технічна служба\r\n', 'служба охорони праці\r\n', 'відділ персоналу\r\n', 'адміністративний відділ\r\n', 4, NULL),
	(13, 1, 'PTS -це', 'відділ технічного забезпечення\r\n', 'служба охорони праці\r\n', 'відділ персоналу\r\n', 'адміністративний відділ\r\n', 1, NULL),
	(14, 1, 'Актуальні робочі номери телефонів працівників підприємства можна подивитися в:\r\n', 'системній документації\r\n', 'базі Rework\r\n', 'інтранеті\r\n', 'інтернеті\r\n', 3, NULL),
	(15, 1, 'Актуальна організаційна структура підприємства знаходиться:', 'в системній документації Lotus Notes\r\n', 'на диску P:\\PHR\r\n', 'на диску P:\\SEBN-UA_Processes', 'на диску P:\\PQM\\System Documentation\r\n', 2, NULL),
	(16, 2, 'Що таке політика якості?\r\n', 'політика підприємства в сфері якості\r\n', 'вимоги клієнта щодо діяльності підприємства\r\n', 'вимоги клієнта щодо продукту\r\n', 'немає правильної відповіді\r\n', 1, NULL),
	(17, 2, 'Як часто переглядається політика якості?\r\n', 'при створенні підприємства\r\n', 'при зміні вимог клієнта\r\n', 'при отриманні нового проекту\r\n', '1 раз в рік\r\n', 4, NULL),
	(18, 2, 'Хто затверджує політику якості?', 'генеральний директор та особа, відповідальна за систему менеджменту якості (керівник відділу якості)', 'клієнт ', 'керівник відділу якості та керівник відділу виробництва', 'генеральний директор та керівники відділів', 1, NULL),
	(19, 2, 'Хто відповідальний за якість?\r\n', 'відділ виробництва\r\n', 'відділ якості\r\n', 'кожен працівник\r\n', 'керівник відділу якості\r\n', 3, NULL),
	(20, 2, 'Що таке якість продукції?\r\n', 'це сукупність властивостей продукції, що зумовлює її здатність задовольняти вимоги клієнта\r\n', 'певні властивості продукції, що відрізняють її від аналогічної продукції\r\n', 'це сукупність властивостей продукції, що зумовлює її здатність приносити прибуток виробнику\r\n', 'певні властивості продукції, що вигідно відрізняють її від іншої продукції\r\n', 1, NULL),
	(21, 2, 'Оберіть повний опис цілей підприємства\r\n', 'відповідальність, повага, довіра, єдність\r\n', 'задоволені замовники, безпомилкова робота, постійне покращення, живий приклад\r\n', 'зразкова якість, безпомилкова робота, новітні технології, живий приклад\r\n', 'певні властивості продукції, що вигідно відрізняють її від іншої продукції\r\n', 2, NULL),
	(22, 2, 'ppm по процесу - <600 000, кількість внутрішніх рекламацій - не більше  3 в місяць, fpy - більше 99% і т.д. - це\r\n', 'політика якості\r\n', 'критерії оцінювання бригадирів\r\n', 'цілі якості дільниці\r\n', 'показники ефективності виробництва\r\n', 3, NULL),
	(23, 2, 'Що таке FMEA?', 'Failure Mode and Effect Analysis\r\n', 'аналіз можливих помилок та їх впливу\r\n', 'аналіз наявних помилок та їх впливу\r\n', 'правильні відповіді  a і b\r\n', 4, NULL),
	(24, 2, 'Gegencheck - це?\r\n', 'перевірка системної документації\r\n', 'перевірка продукту\r\n', 'аудит продукту, здійснений клієнтом\r\n', 'план дій по виявлених помилках\r\n', 3, NULL),
	(25, 2, 'У якому вигляді клієнту надається відповідь на рекламацію (зовнішню)?\r\n', 'бланк PQAT\r\n', '5 Чому? Аналіз\r\n', '8D Report\r\n', 'бланк FMEA\r\n', 3, NULL),
	(26, 2, 'Що таке PQAT?\r\n', 'Process Improvement and Quality Assurance Tool\r\n', 'інструмент покращення процесів та забезпечення якості\r\n', 'інструмент аналізу можливих помилок\r\n', 'правильні відповіді  a і b\r\n', 4, NULL),
	(27, 2, '8D Report - це?\r\n', 'терміновий захід після надходження рекламації\r\n', 'метод зголошення помилок на робочих місцях\r\n', 'метод проведення аналізу\r\n', 'звіт-повідомлення клієнта про опрацювання зовнішньої рекламації\r\n', 4, NULL),
	(28, 3, 'Саме слова “Kaizen” означає…', 'зміни до високої якості\r\n', 'постійне покращення, безперервне вдосконалення\r\n', 'організація робочого місця\r\n', 'всі відповіді правильні\r\n', 2, NULL),
	(29, 3, 'Що таке Gemba?\r\n', 'місце, де виготовляється продукція – робоче місце\r\n', 'система виявлення дефектів\r\n', 'огляд виробничих приміщень\r\n', 'назва аудиту від генерального директора\r\n', 1, NULL),
	(30, 3, 'Що таке система 5S?\r\n', 'система малих витрат, що допомагає створити та підтримувати організоване, чисте та безпечне робоче місце\r\n', 'перевірка обладнання на його безпечність\r\n', 'огляд робочих місць\r\n', 'перевірка чистоти на дільниці\r\n', 1, NULL),
	(31, 3, 'Оберіть варіант, що містить кроки 5S в правильній послідовності\r\n', 'слідкуй за чистотою, сортуй, створюй порядок, стандартизуй, самовдосконалюйся\r\n', 'створюй порядок, слідкуй за чистотою, сортуй, самовдосконалюйся, стандартизуй\r\n', 'сортуй, створюй порядок, слідкуй за чистотою, стандартизуй, самовдосконалюйся\r\n', 'створюй порядок, сортуй, слідкуй за чистотою, стандартизуй, самовдосконалюйся\r\n', 3, NULL),
	(32, 3, 'Крок "Стандартизуй" системи 5С означає: ', 'розробіть систему, що буде стандартизувати та підтримувати перших чотири кроки\r\n', 'проводьте 5С аудити\r\n', 'розробіть систему, що буде стандартизувати та підтримувати перших три кроки\r\n', 'самовдосконалюйтесь\r\n', 3, NULL),
	(33, 3, 'Крок "Самовдосконалюйся" системи 5С означає: ', 'поширюйте інформацію про 5С\r\n', 'підтримуйте перші 4 кроки системи, актуалізовуйте та підвищуйте стандарти\r\n', 'розробіть систему, що буде стандартизувати та підтримувати перших три кроки\r\n', 'організуйте, опишіть та визначіть місце для кожної речі\r\n', 2, NULL),
	(34, 3, 'Крок "Сортуй" системи 5С означає: ', 'розробіть систему, що буде стандартизувати та підтримувати перших чотири кроки\r\n', 'визначіть, що необхідне, а що непотрібне і позбудьтеся того, що непотрібне\r\n', 'організуйте, опишіть та визначіть місце для кожної речі\r\n', 'поприбирайте і почистіть обладнання та робоче місце\r\n', 2, NULL),
	(35, 3, 'Крок "Створюй порядок" системи 5С означає: ', 'розробіть систему, що буде стандартизувати та підтримувати перших чотири кроки\r\n', 'визначіть, що необхідне, а що непотрібне і позбудьтеся того, що непотрібне\r\n', 'організуйте, опишіть та визначіть місце для кожної речі\r\n', 'поприбирайте і почистіть обладнання та робоче місце\r\n', 3, NULL),
	(36, 3, 'Визначіть правильний і повний перелік Муда', 'перевиробництво, транспортування, зайві рухи, складність технології, запаси, очікування, дефекти\r\n', 'перевиробництво, зайві рухи, управління, запаси, очікування, дефекти \r\n', 'передвиробництво, недостатня кваліфікація, документація, очікування, дефекти\r\n', 'неорганізоване робоче місце, передвиробництво, низькі норми виготовлення\r\n', 1, NULL),
	(37, 3, 'Що таке Муда?\r\n', 'бракована продукція\r\n', 'збитки, діяльність, що не несе цінності\r\n', 'простої\r\n', 'всі відповіді правильні\r\n', 2, NULL),
	(38, 4, 'Що таке дефектна (бракована) продукція?\r\n', 'продукція, на яку прийшла зовнішня рекламація\r\n', 'продукція, на яку прийшла внутрішня рекламація\r\n', 'продукція,що не перевірялася\r\n', 'продукція, що не відповідає вимогам\r\n', 4, NULL),
	(39, 4, 'Як діяти з неідентифікованою продукцією?\r\n', 'викинути у сміття\r\n', 'дії аналогічні діям з бракованою продукцією\r\n', 'передати на склад\r\n', 'самостійно визначити, який це вид продукції\r\n', 2, NULL),
	(40, 4, 'Яку інформацію містить червона картка?\r\n', 'номер частини, де знайдена проблема, хто виявив проблему, метод переробки, опис дефекту, кількість частин\r\n', 'дата виникнення, порядковий номер, хто виявив, спосіб переробки, необхідність шротування\r\n', 'номер частини, зміна, кількість браку, прізвище майстра, порядковий номер\r\n', 'правильної відповіді немає\r\n', 4, NULL),
	(41, 4, 'За який період повинна бути опрацьована внутрішня рекламація?\r\n', 'немає вимог\r\n', '2  доби\r\n', '72 години\r\n', '1 тиждень\r\n', 2, NULL),
	(42, 4, 'Яка помилка в даному 5Why? аналізі?\r\n', 'не всі віконечка заповнені\r\n', 'занадто стислі терміни заходів\r\n', 'немає логічного зв\'язку між причиною і контрзаходом\r\n', 'невірно визначена відповідальна особа\r\n', 3, 1),
	(43, 4, 'Яка помилка в даному 5Why? аналізі?', 'не всі віконечка заповнені\r\n', 'занадто стислі терміни заходів\r\n', 'немає логічного зв\'язку між причиною і контрзаходом\r\n', 'невірно визначена відповідальна особа\r\n', 4, 1),
	(44, 4, 'Додаткові пункти контролю -це...', 'критичні точки в процесі роботи, елементи продукції, що потребують додаткової перевірки', 'інформація про отримані рекламаці', 'інформація про отримані зголошення', 'пункти перевірки, яку здійснюють контролери якості', 1, NULL),
	(45, 4, 'Зовнішню рекламацію може виставити….\r\n', 'одна філія іншій філії\r\n', 'центральний офіс\r\n', 'клієнт\r\n', 'дільниця-клієнт\r\n', 3, NULL),
	(46, 4, 'Що таке зовнішня рекламація?', 'офіційна інформація від клієнта про якісно виготовлений продукт', 'офіційна інформація від клієнта про помилки в нашій продукції\r\n', 'офіційна інформація від клієнта про помилки в наших процесах\r\n', 'правильні відповіді - b і c\r\n', 2, NULL),
	(47, 4, 'Зовнішні ppm -це?\r\n', 'співвідношення кількості помилок, що були виявлені у клієнта до мільйона виготовленої продукції\r\n', 'співвідношення кількості помилок, що були виявлені в межах дільниці до мільйона виготовленої продукції\r\n', 'інформація про отримані зголошення\r\n', 'пункти перевірки, яку здійснюють контролери якості\r\n', 1, NULL),
	(48, 4, 'Який захід здійснюється перш за все на дільниці при надходженні рекламації?', 'навчання\r\n', 'сортування\r\n', 'аналіз причини\r\n', 'повідомлення клієнта про заходи, які ми плануємо зробити\r\n', 2, NULL),
	(49, 4, 'Для яких випадків обовязково застосовується 5Чому аналіз?\r\n', 'повідомлення (зголошення) від дільниці-клієнта\r\n', 'внутрішня чи зовнішня рекламація\r\n', 'аналіз PQAT\r\n', 'правильні відповіді - b і с\r\n', 4, NULL),
	(50, 4, 'При виставленні внутрішньої рекламації опис помилки обов\'язково передбачає таку інформацію…\r\n', 'опис впливу на процес дільниці-клієнта\r\n', 'опис впливу на продукт\r\n', 'опис за яких умов була виявлена помилка\r\n', 'номер рекламованого продукту, кількість рекламованих одиниць, детальний опис \r\n', 4, NULL),
	(51, 4, 'Що означає формулювання "soll - ist"?\r\n', '"soll - має бути (згідно вимог),  ist - є (по факту)"\r\n', '"ist - має бути (згідно вимог),  soll - є (по факту)"\r\n', '"ist - має бути (по факту),  soll - є (згідно аналізу)"\r\n', 'правильні відповіді - b і с\r\n', 1, NULL),
	(52, 4, 'Що таке Poka-Yoke?\r\n', 'автоматичний захист від неправильних дій людини\r\n', 'захід до рекламації зі зміною конфігурації тест. столів\r\n', 'спосіб аналізу проблем на виробництві\r\n', 'заходи, спрямовані на зміну обладнання\r\n', 1, NULL),
	(53, 4, 'Вибірковим і стовідсотковим є...?', 'аудит', 'сортування', 'Gegencheck', 'контроль WCC', 2, NULL),
	(54, 4, 'Що таке QK?\r\n', 'індекс рекламацій\r\n', 'клас якості\r\n', 'візуальний контроль якості\r\n', 'руйнівний аудит\r\n', 2, NULL),
	(55, 4, 'У понеділок було виявлено 7 помилок при загальній кількості виготовленої продукції  126 шт, у вівторок - 6 помилок при кількості виготовленої продукції - 122 штуки? У який день ppm будуть вищими?\r\n', 'у вівторок\r\n', 'в понеділок\r\n', 'рівень ppm буде однаковим\r\n', 'рівень ppm неможливо визначити\r\n', 2, NULL),
	(57, 1, 'За опис технологічного процесу відповідає\r\n', 'відділ планування\r\n', 'відділ якості\r\n', 'автори інструкцій\r\n', 'відділ виробництва\r\n', 1, NULL),
	(58, 1, 'До основних процесів підприємства належать:\r\n', 'планування і підготовка  виробництва, виробництво, управління якістю, відправлення продукції\r\n', 'планування і підготовка  виробництва, виробництво, відправлення продукції\r\n', 'планування і підготовка  виробництва, виробництво, логістика\r\n', 'планування і підготовка  виробництва, виробництво, логістика, управління підприємством\r\n', 3, NULL),
	(59, 1, 'До підтримуючих процесів підприємства належать:\r\n', 'планування і підготовка  виробництва, технічне забезпечення, управління якістю\r\n', 'технічне забезпечення, управління персоналом, ІТ, охорона праці\r\n', 'технічне забезпечення, управління персоналом, охорона праці\r\n', 'технічне забезпечення, управління персоналом, ІТ, управління проектами\r\n', 3, NULL),
	(60, 1, 'До управлінських процесів підприємства належать:\r\n', 'управління підприємством, управління якістю, управління проектами\r\n', 'управління підпиємством, управління персоналом, управління процесами\r\n', 'управління виробництвом, логістика, управління проектами\r\n', 'управління підприємством,  управління проектами, постійне покращення\r\n', 1, NULL),
	(61, 1, 'Процеси (послідовність дій), що служать для реалізації поставлених цілей, це - ', 'основні процеси\r\n', 'управлінські процеси\r\n', 'допоміжні процеси\r\n', 'постійне покращення\r\n', 1, NULL),
	(62, 1, 'Процеси (послідовність дій), що забезпечують функціонування основних процесів, це - ', 'логістичні процеси\r\n', 'управлінські процеси\r\n', 'допоміжні процеси\r\n', 'постійне покращення\r\n', 3, NULL),
	(63, 1, 'Процеси (послідовність дій), що служать для планування, управління, оцінки та покращення функціонування підприємства, це - ', 'основні процеси', 'управлінські процеси', 'допоміжні процеси', 'постійне покращення', 2, NULL),
	(64, 1, 'Підвідділ проектного виробництва відділу планування ще називають…\r\n', 'Musterbau\r\n', 'Masterbau\r\n', 'Brettbau\r\n', 'Прюфтехніки\r\n', 1, NULL),
	(65, 1, 'Підвідділ стендового проектування відділу планування ще називають…\r\n', 'Musterbau\r\n', 'Masterbau\r\n', 'Brettbau\r\n', 'Прюфтехніки\r\n', 3, NULL),
	(66, 1, 'Підвідділ логістики, який ще називають JIT, відповідальний за…\r\n', 'координацію виготовлення вязок КСК згідно концепції "якраз вчасно"\r\n', 'координацію виготовлення модулів згідно замовлених КСК\r\n', 'координацію замовлення матеріалу \r\n', 'координацію виготовлення  продукції згідно принципу "перший прийшов - перший пішов"\r\n', 1, NULL),
	(67, 6, 'Час проведення первинного інструктажу з питань охорони праці\r\n', 'після закінчення стажування/дублювання на посаді;\r\n', 'до початку роботи, безпосередньо на робочому місці;\r\n', 'в разі нещасного випадку на виробництві;\r\n', 'при залученні до виконання обов’язків, не визначених в посадовій інструкції.\r\n', 2, NULL),
	(68, 6, 'Повторний інструктаж з охорони праці на робочому місці проводиться:\r\n', 'щомісяця;\r\n', 'один раз на півріччя;\r\n', 'щороку;\r\n', 'раз в три роки\r\n', 2, NULL),
	(69, 6, 'За якої умови з працівниками проводиться позаплановий інструктаж з охорони праці:\r\n', 'до початку роботи, безпосередньо на робочому місці;\r\n', 'якщо при очевидній загрозі для свого життя чи здоров’я, працівник відмовився виконувати доручену йому роботу;\r\n', 'з періодичністю, вказаною у внутрішніх інструкціях\r\n', 'при введенні в дію нових або переглянутих нормативно-правових актів  з  охорони праці,  а також при внесенні змін та доповнень до них.\r\n', 4, NULL),
	(70, 6, 'Оберіть правило, яке не належить до Правил охорони праці на SEBN-UA:\r\n', 'виконувати роботу згідно посадової інструкції, а знаряддя праці використовувати згідно інструкцій з ОП;\r\n', 'пересуватись лише пішохідними доріжками, надавати перевагу промисловому транспорту;\r\n', 'використовувати засоби індивідуального захисту на власний розсуд;\r\n', 'знати порядок дій при настанні нещасного випадку або аварії і, за необхідності, вміти надати домедичну допомогу.\r\n', 3, NULL),
	(71, 6, 'Місце збору працівників під час евакуації знаходиться:\r\n', 'в конференційному залі кожного відділу;\r\n', 'біля КПП №1 підприємства, за турнікетами;\r\n', 'на парковці;\r\n', 'кожен працівник залишається на своєму робочому місці.\r\n', 2, NULL),
	(72, 6, 'Що треба зробити в першу чергу при виявленні пожежі:\r\n', 'використати первинні засоби пожежогасіння для ліквідації пожежі;\r\n', 'натиснути ручний пожежний сповіщувач;\r\n', 'повідомити керівника;\r\n', 'подзвонити за номером телефону 101.\r\n', 2, NULL),
	(73, 6, 'Кого слід повідомити про нещасний випадок, що стався на виробництві\r\n', 'службу охорони праці та керівника відділу\r\n', 'службу охорони праці та медсестру\r\n', 'службу охорони праці та відділ персоналу\r\n', 'безпосереднього керівника та керівника відділу виробництва\r\n', 2, NULL),
	(74, 6, 'Що таке Near Miss accident?\r\n', 'небезпечна ситуація, що могла привести до нещасного випадку\r\n', 'нещасний випадок\r\n', 'брак через помилку працівника\r\n', 'нещасний випадок, що трапився на іншому заводі\r\n', 1, NULL),
	(75, 6, 'Про початок евакуації повідомляється\r\n', 'телефоном\r\n', 'по гучномовці\r\n', 'оголошенням від керівника\r\n', 'за повідомленням служби охорони праці\r\n', 2, NULL),
	(76, 6, 'Роботи, що виконуються час від часу (з перервою більш ніж 10 днів) називаються\r\n', 'роботи підвищеної небезпеки\r\n', 'аварійні роботи\r\n', 'позапланові роботи\r\n', 'нерутинні роботи\r\n', 4, NULL),
	(77, 6, 'Інструктаж, що проводиться з метою ознайомлення новоприйнятих працівників/відвідувачів з системою ОП і ТБ, називається\r\n', 'ввідним\r\n', 'вступним\r\n', 'ознайомчим\r\n', 'цільовим\r\n', 2, NULL),
	(78, 6, 'При залученні працівника до робіт з розчинниками, проводиться…\r\n', 'позаплановий інструктаж\r\n', 'цільовий інструктаж\r\n', 'специфічний інструктаж\r\n', 'повторний інструктаж\r\n', 2, NULL),
	(79, 6, 'Що означає даний знак?\r\n', 'дозволено працювати людям в окулярах\r\n', 'необхідно використовувати засоби іінд захисту\r\n', 'шкідливе випромінювання\r\n', 'працювати в захисних окулярах.\r\n', 4, 1),
	(80, 6, 'Що означає даний знак?\r\n', 'катання на штабелерах заборонено\r\n', 'опиратися заборонено\r\n', 'обережно! Навантажувач\r\n', 'складування матеріалів заборонено\r\n', 4, 1),
	(81, 7, 'Кліп - це …\r\n', 'зварені між собою проводи\r\n', 'проводи, змотані в кільце\r\n', 'сплетений провід\r\n', 'всі відповіді правильні\r\n', 1, NULL),
	(82, 7, 'Модуль - це …\r\n', 'зварені між собою проводи\r\n', 'проводи, змотані в кільце\r\n', 'частина кабельної вязки, що відповідає за певну функцію в авто\r\n', 'проводи з етикеткою\r\n', 3, NULL),
	(83, 7, 'Teilenummer, що починається на 3АР0, 3FC0, 3FD0 - це \r\n', 'сплетені проводи\r\n', 'проводи з дільниці нарізання\r\n', 'кліпи\r\n', 'проводи з відізолюванням\r\n', 2, NULL),
	(84, 7, 'Головна функція сіла - це ', 'захищає ізоляцію проводу від кримпа', 'захищає контакт від потрапляння вологи та бруду', 'полегшує набивання контактів', 'всі відповіді правильні', 2, NULL),
	(85, 7, 'Контакти - це \r\n', 'металеві елементи, що набиваються вкінці проводу і служать для передачі електричного струму\r\n', 'металеві елементи проводу, що служать для передачі електричного струму\r\n', 'елементи, що групують проводи у розетки\r\n', 'елементи, що з\'єднують конектори\r\n', 1, NULL),
	(86, 7, 'Ізоляційний кримп - це…\r\n', 'частина контакту\r\n', 'місце, завдяки якому контакт охоплює дротові жили\r\n', 'місце, завдяки якому контакт кріпиться до проводу\r\n', 'всі відповіді правильні\r\n', 1, NULL),
	(87, 7, 'Яку інформацію містить етикетка з підвідділу нарізання проводів\r\n', 'номер частини, дата і час виготовлення, номер замовлення, кількість, особовий номер оператора, САО-номер\r\n', 'номер частини, дата і час виготовлення, номер замовлення, особовий номер оператора, WАО-номер, кількість браку, структура замовлення\r\n', 'номер частини, дата і час виготовлення, зміна виготовлення, колір проводу, контакт, склад, кількість в\'язок\r\n', 'номер частини, дата і час виготовлення, зміна виготовлення, колір проводу, контакт\r\n', 1, NULL),
	(88, 7, 'У розетки проводи збираються за допомогою…\r\n', 'контактів\r\n', 'сплетень\r\n', 'конекторів\r\n', 'бандажування\r\n', 1, NULL),
	(89, 7, 'Teilenummer, що починається на 9….,  - це \r\n', 'сплетені проводи\r\n', 'купована частина (окрім проводів)\r\n', 'купована частина (проводи)\r\n', 'проводи з відізолюванням\r\n', 2, NULL),
	(90, 7, 'Teilenummer, що починається на 98…., - це \r\n', 'сплетені проводи\r\n', 'купована частина (антени, КТ)\r\n', 'кліпи\r\n', 'проводи з відізолюванням\r\n', 2, NULL),
	(91, 7, 'Teilenummer, що починається на 5….,  - це \r\n', 'сплетені проводи\r\n', 'кліпи, які зварюються або кримпуються\r\n', 'кліпи\r\n', 'проводи з відізолюванням\r\n', 2, NULL),
	(92, 7, 'Teilenummer, що починається на 7….,  - це \r\n', 'гофрована або ізоляційна трубка\r\n', 'проводи   \r\n', 'сплетені проводи\r\n', 'проводи з відізолюванням\r\n', 1, NULL),
	(93, 7, 'Teilenummer, що починається на 3FC10/3FD10/3AP10 ….,  - це \r\n', 'сплетені проводи\r\n', 'кліпи\r\n', 'подвійне сплетення\r\n', 'проводи з відізолюванням\r\n', 3, NULL),
	(94, 7, 'Teilenummer, що починається на 3FC11/3FD11/3AP11 ….,  - це \r\n', 'нарізані проводи\r\n', 'провід з одним контактом\r\n', 'кліпи\r\n', 'потрійне сплетення\r\n', 4, NULL),
	(95, 7, 'Принцип FiFo використовується…\r\n', 'для розкладання продуктів на полиці супермаркетів\r\n', 'при завантаженні в кузов вантажівки\r\n', 'у роботі з актуальною інформацією\r\n', 'всі відповіді правильні\r\n', 1, NULL),
	(96, 7, 'Принцип FiFo це…\r\n', 'перший прийшов - останній пішов\r\n', 'перший прийшов-перший пішов\r\n', 'останній прийшов - останній пішов\r\n', 'правильні відповіді b і с\r\n', 4, NULL),
	(97, 7, 'Де розміщуєтсья червона лінія верхньої межі завантаження матеріалу?', 'межа визначається відділом планування', 'на такому рівні, щоб матеріал не висипався', '60% від вмістимості тари', '80% від вмістимості тари', 4, NULL),
	(98, 7, 'Контакти на проводах в стаканах повинні розміщуватися\r\n', 'на дні стакана\r\n', 'не має значення\r\n', 'на визначеному рівні, не торкаючись дна стакана\r\n', 'залежить від пакування на передвиробництві\r\n', 3, NULL),
	(99, 8, 'Скільки має бути оригінальних працівників на лінії InRa?\r\n', '33  або 38\r\n', '40\r\n', '44\r\n', '58\r\n', 1, NULL),
	(101, 8, 'Хто відповідальний за ведення журналів обліку допоміжних інструментів на дільниці?\r\n', 'бригадир\r\n', 'майстер\r\n', 'інспектор з контролю якості\r\n', 'шпрингер\r\n', 1, NULL),
	(102, 8, 'Хто відповідальний за тижневу перевірку бланку обліку інструментів на позиції?\r\n', 'бригадир\r\n', 'майстер\r\n', 'інспектор з контролю якості\r\n', 'працівник позиції\r\n', 2, NULL),
	(103, 8, 'Хто підтверджує здійснення щоденної перевірки робочого місця?\r\n', 'інспектор з контролю якості\r\n', 'майстер\r\n', 'бригадир\r\n', 'працівник позиції\r\n', 3, NULL),
	(104, 8, 'Внутрішню рекламацію доцільно виставити у випадку….\r\n', 'повторюваної або серійної помилки\r\n', 'критичної помилки\r\n', 'незначної помилки\r\n', 'варіант а і b правильні\r\n', 4, NULL),
	(105, 8, 'За якою формулою обчислюється ефективність лінії?\r\n', '(к-ть працівників х тривалість зміни)/виготовлені хвилини х 100%\r\n', 'виготовлені хвилини /(к-ть працівників х тривалість зміни) х 100%\r\n', 'виготовлені хвилини /(к-ть працівників х тривалість зміни) \r\n', 'к-ть працівників х виготовлені хвилини / тривалість зміни х 100%\r\n', 2, NULL),
	(106, 8, 'За якою формулою обчислюється продуктивність лінії?\r\n', '(к-ть працівників х тривалість зміни- тривалість простоїв)/виготовлені хвилини х 100%\r\n', '(к-ть працівників х тривалість зміни- тривалість простоїв)/виготовлені хвилини \r\n', 'виготовлені хвилини /(к-ть працівників х (тривалість зміни - тривалість простоїв)) х 100%\r\n', 'к-ть працівників х тривалість зміни/виготовлені хвилини х 100%\r\n', 3, NULL),
	(107, 8, 'Яка відмінність між ефективністю та продуктивність лінії?\r\n', 'при обрахунку продуктивності від хвилин час простою не враховується\r\n', 'при обрахунку продуктивності від хвилин час простою враховується, тобто оплачується\r\n', 'при обрахунку ефективності час простою враховується, тобто оплачується\r\n', 'при обрахунку продуктивності час простою враховується, тобто оплачується\r\n', 4, NULL),
	(108, 8, 'Де можна прочитати мач код частини?\r\n', 'на візуалізації частини\r\n', 'в кресленні\r\n', 'на частині\r\n', 'всі відповіді правильні\r\n', 4, NULL),
	(109, 8, 'Про що свідчить ситуація, коли в’язка вже знята з формувальної дошки, але на моніторі не всі кружечки білі ?', 'Залишились елементи в тестувальних модулях.', 'Тестувальний елемент засмічений', 'вязка пройшла КНМ тест', 'правильні відповіді - а і b', 4, NULL),
	(110, 8, 'Для чого саме потрібно використовувати червоні стрічки?', 'для позначення перерви в роботі', 'для позначення поламаного колика', 'для позначення бракованої  частини вязки', 'для блокування матеріалу на позиції', 3, NULL),
	(111, 8, 'Для чого саме потрібно використовувати червоні кружечки?', 'для позначення перерви в роботі', 'для позначення поламаного колика, тримача, костки', 'для позначення бракованої  частини в"язки', 'для блокування матеріалу на позиції', 2, NULL),
	(112, 8, 'Для чого саме потрібно використовувати жовті стрічки.\r\n', 'для позначення перерви в роботі\r\n', 'для позначення поламаного колика\r\n', 'для позначення бракованої  частини вязки\r\n', 'для блокування матеріалу на позиції\r\n', 1, NULL),
	(113, 8, 'Для чого саме потрібно використовувати червоні картки.', 'для опису дефекту (браку), невідповідності на продукті', 'для опису поламаного колика', 'для позначення незакінченої позиції', 'для блокування матеріалу на позиції', 1, NULL),
	(114, 8, 'Яка програма фіксує помилки на тестувальних столах?', 'QDE', 'QDV', 'OTIS', 'всі варіанти правильні', 4, NULL),
	(115, 8, 'Програма, що фіксує візуальні помилки на тестувальних столах, називається…\r\n', 'QDE\r\n', 'QDV\r\n', 'OTIS\r\n', 'PLS\r\n', 2, NULL),
	(117, 8, 'Що таке ZSB?\r\n', 'унікальний номер вязки\r\n', 'дата вбудування вязки\r\n', 'структура вязки (LOL/LOR, варіант вязки, рестрикція, перелік модулів, запобіжників і т.д.)\r\n', 'номер креслення вязки\r\n', 3, NULL),
	(118, 8, 'Що таке рестрикція?\r\n', 'унікальний номер вязки\r\n', 'термін висилки вязки\r\n', '100% модулі\r\n', 'різновид, тип вязки\r\n', 4, NULL),
	(119, 8, 'Що таке програма PLS?\r\n', 'програма, де вказано, скільки і якого саме матеріалу знаходится на робочому місці\r\n', 'програма, де  вноситься інструкція по формуванні КСК з подальшим відображенням на моніторах конвеєра\r\n', 'програма, де вказано, з яких модулів складається вязка КСК\r\n', 'правильні відповіді - б і с\r\n', 2, NULL),
	(121, 8, 'Яка інформація в інструкції формування виділяється синім кольором?\r\n', 'зміни згідно 4М\r\n', 'не стовідсоткові частини\r\n', 'зміни в інструкції даного KW\r\n', 'частини, на які приходили рекламації\r\n', 3, NULL),
	(122, 8, 'Що таке Sonata?\r\n', 'план виробництва на тиждень\r\n', 'абревіатура від "Soll nach Tagen" (має бути по днях)\r\n', 'перелік КСК, замовлених клієнтом на певний тиждень\r\n', 'правильні відповіді а, b, c\r\n', 4, NULL),
	(123, 8, 'Що означає концепція JIT?\r\n', 'визначені КСК мають бути у клієнта у визначений час\r\n', 'визначені КСК мають бути у клієнта у певній послідовності\r\n', 'спочатку використовується матеріал, щоб був виготовлений раніше\r\n', 'спочатку використовується матеріал, щоб був виготовлений останнім\r\n', 1, NULL),
	(124, 8, 'Що саме означає дане позначення?\r\n', 'монтажний фіксатор\r\n', 'капка\r\n', 'незафіксований конектор\r\n', 'зафіксований конектор\r\n', 3, 1),
	(125, 8, 'Що саме означає дане позначення?\r\n', 'монтажний фіксатор\r\n', 'капка\r\n', 'незафіксований конектор\r\n', 'зафіксований конектор\r\n', 4, 1),
	(126, 8, 'Що саме означає дане позначення?\r\n', 'монтажний фіксатор\r\n', 'капка\r\n', 'незафіксований конектор\r\n', 'зафіксований конектор\r\n', 2, 1),
	(127, 8, 'Що саме означає дане позначення?\r\n', 'напрямок формування гілки\r\n', 'монтажний фіксатор\r\n', 'монтажний фіксатор\r\nнапрямок розташування монтажного фіксатора\r\n', 'додатковий пункт контролю\r\n', 2, 1),
	(128, 8, 'Чому забороняється контактування в руках?\r\n', 'можливе пошкодження контактів\r\n', 'можливе контактування проводу в неправильну комірку через відсутність візуалізації конектора\r\n', 'можливе сплутування проводів\r\n', 'можливе випадкове фіксування конектора\r\n', 2, NULL),
	(129, 8, 'Недотримання правила 4Р може призвести до ...?\r\n', 'пошкодження контактів\r\n', 'пошкодження проводу\r\n', 'недофіксування контакту, який тестувальний стіл не виявляє\r\n', 'пошкодження конектора\r\n', 3, NULL),
	(130, 8, 'Одягання гофрованої трубки без відповідної приспособи  може призвести до ...?\r\n', 'пошкодження гофрованої трубки\r\n', 'пошкодження ізоляційної стрічки\r\n', 'пошкодження ізоляції проводів під гофрованою трубкою\r\n', 'неправильних відстаней\r\n', 3, NULL),
	(131, 8, 'Первинне блокування контактів відбувається завдяки ...?\r\n', 'формі  (будові) контакту\r\n', 'блокувальному елементу конектора\r\n', 'правилу 4Р\r\n', 'будові тримача\r\n', 1, NULL),
	(132, 8, 'Вторинне блокування відбувається за допомогою ...?\r\n', 'блокувального елемента конектора\r\n', 'допихачки\r\n', 'блокувального елемента контакту\r\n', 'скріплюючої стрічки або руберлупа\r\n', 1, NULL),
	(133, 8, 'Дане бандажування на формувальній дошці позначається…\r\n', NULL, NULL, NULL, NULL, 3, 2),
	(134, 8, 'Дане позначення на формувальній дошці проекту VW370 використовується для …\r\n', 'спіральне ізолювання фільцевою стрічкою 9мм\r\n', 'спіральне ізолювання віскозною стрічкою 9мм\r\n', 'спіральне ізолювання велюровою стрічкою 9мм\r\n', 'суцільне ізолювання віскозною стрічкою 9мм\r\n', 2, 1),
	(135, 8, 'Дане позначення на формувальній дошці проекту VW370 використовується для …\r\n', 'спіральне ізолювання фільцевою стрічкою 9мм\r\n', 'спіральне ізолювання віскозною стрічкою 9мм\r\n', 'спіральне ізолювання велюровою стрічкою 9мм\r\n', 'суцільне ізолювання віскозною стрічкою 9мм\r\n', 1, 1),
	(136, 8, 'Дане позначення на формувальній дошці проекту VW370 використовується для …\r\n', 'гофрована трубка\r\n', 'ізоляційна трубка\r\n', 'стрічка ПВХ 19мм\r\n', 'стрічка ПВХ 12мм\r\n', 4, 1),
	(137, 2, 'Системна документація - це?\r\n', 'інстукції та процедури, що описують виконувані на підприємстві процеси\r\n', 'інструкції, процедури, креслення, вимоги клієнта, що використовуються на підприємстві\r\n', 'всі паперові та електронні документи, що використовуються на підприємстві\r\n', 'інструкції, процедури, креслення, вимоги клієнта, договора, кадрові документи, що використовуються на підприємстві\r\n', 1, NULL),
	(138, 2, 'Організаційна структура (органіграма) - це?\r\n', 'список працівників відділу з назвами посад\r\n', 'схема розподілу посад та організаційного підпорядкування\r\n', 'схема працівників відділу з назвами посад та правом підпису\r\n', 'схема розташування відділів на підприємстві\r\n', 2, NULL),
	(139, 2, 'Матриця відповідальності- це?\r\n', 'документ з посадовими обовязками кожного працівника\r\n', 'документ з чітким розподілом обовязків та заміщення у випадку відсутності працівника\r\n', 'список працівників відділу з назвами посад та правом підпису\r\n', 'схема розподілу посад та організаційного підпорядкування\r\n', 2, NULL),
	(140, 2, 'Позасистемна документація включає…\r\n', 'закони України\r\n', 'технічну документацію, в т.ч. документацію клієнта\r\n', 'документи, що не належать до системної документації, але використовуються у процесах, виконуваних на підприємстві \r\n', 'всі відповіді правильні\r\n', 4, NULL),
	(141, 2, 'Щоб переконатися в актуальності системного документу, треба звірити наявний номер видання з номером видання у …\r\n', 'в інших схожих документах\r\n', ' у контролера якості\r\n', 'у системній документації Lotus Notes UA-QM System Doc\r\n', 'на інформаційній дошці\r\n', 3, NULL),
	(142, 2, 'Матриця системи менеджменту якості (_Matrix if all VA and AA at SEBN_UA) містить інформацію про …\r\n', 'актуальний перелік всіх систмених документів\r\n', 'те, який процес/підпроцес описує певна процедура/інструкція\r\n', 'інформацію про тип документу (процедура чи інструкція)\r\n', 'всі відповіді правильні\r\n', 4, NULL),
	(143, 2, 'Що таке аудит?\r\n', 'системна, незалежна,документована перевірка дотримання певних вимог\r\n', 'метод аналізу невідповідностей\r\n', 'перевірка знань працівників\r\n', 'перевірка кваліфікації працівників\r\n', 1, NULL),
	(144, 2, 'Що таке процес?\r\n', 'зміна стану середовища\r\n', 'перетворення входу процесу у вихід процесу за допомогою ресурсів\r\n', 'визначений спосіб дій\r\n', 'описаний та затверджений вид діяльності певного структурного підрозділу\r\n', 2, NULL),
	(145, 2, 'Розгляд всієї діяльності компанії як мережі взаємодіючих процесів - це?\r\n', 'системна документація\r\n', 'процесний підхід\r\n', 'система менеджменту якості\r\n', 'карта процесів\r\n', 2, NULL),
	(146, 2, 'У випадку виявлення дефектної продукції, сортування є….?\r\n', 'негайним заходом\r\n', 'коригуючим заходом\r\n', 'системним заходом\r\n', 'необов"язковим заходом\r\n', 1, NULL),
	(147, 2, 'Коригуючі заходи -це …\r\n', 'заходи, що тягнуть за собою зміни в системній документації\r\n', 'всі заходи до зовнішньої рекламації\r\n', 'сортування та виправлення продукції\r\n', 'заходи, що усуваються причину виникнення невідповідності\r\n', 4, NULL),
	(148, 10, 'Документально визначене право впливати на поведінку підлеглих - це?\r\n', 'повноваження\r\n', 'вплив\r\n', 'делегування\r\n', 'організаційна робота\r\n', 1, NULL),
	(149, 10, 'Що таке контроль?', 'спостереження за роботою персоналу', 'вид управлінської діяльності, що полягає у забезпеченні виконання певних завдань', 'постійна перевірка того, як організація виконує поставлені цілі', 'спостереження за виконанням окремих особистих завдань', 2, NULL),
	(150, 10, 'Контроль повинен бути....', 'обєктивним та відкритим', 'відкритим і дієвим', 'обєктивним, діловим, ефективним, систематичним і відкритим', 'ефективним і поточним', 3, NULL),
	(151, 10, 'Як варто розуміти фінансову мотивацію?\r\n', 'працівник прагне мати вплив на інших людей\r\n', 'працівник прагне взяти участь в суспільно-корисній справі\r\n', 'працівник прагне отримувати велику зарплату\r\n', 'працівник прагне обійняти управлінську посаду\r\n', 3, NULL),
	(152, 10, 'Коли здійснюється поточний контроль?\r\n', 'після виконання завдання\r\n', 'до початку виконання завдання\r\n', 'під час виконання завдання\r\n', 'тоді, коли зручно керівнику\r\n', 3, NULL),
	(153, 10, 'Що забезпечує управлінська функція "мотивація"?\r\n', 'забезпечення впливу на підлеглого\r\n', 'виконання управілнських рішень\r\n', 'досягнення особистих цілей\r\n', 'стимулювання працівників до виконання поставлених завдань\r\n', 4, NULL),
	(154, 10, 'Мотивація базується на?\r\n', 'потребах і самовираженні\r\n', 'задоволенні всіх людей\r\n', 'потребах і винагороді\r\n', 'винагороді і самовираженні\r\n', 3, NULL),
	(155, 10, 'Основною формою матеріальної мотивації є?\r\n', 'премії і цінні подарунки\r\n', 'премії\r\n', 'зарплата\r\n', 'соцпакет\r\n', 3, NULL),
	(156, 10, 'Планування, організація, мотивація і контроль - це ….?\r\n', 'варіанти управління\r\n', 'головні методи менеджменту\r\n', 'головні функції менеджемнту\r\n', 'засоби менеджменту\r\n', 3, NULL),
	(157, 10, 'В якому вигляді може бути реалізована функція контролю?\r\n', 'наказ по підприємству\r\n', 'звіт по результатах діяльності\r\n', 'план, завдання\r\n', 'e-mail\r\n', 2, NULL),
	(158, 10, 'Функції менеджменту - це?\r\n', 'наказ по підприємству\r\n', 'види управлінської діяльності, що підвищують ефективність управління\r\n', 'види управлінської діяльності, що спрямовані на збільшення продуктивності праці\r\n', 'види управлінської діяльності, що забезпечують функціонування управлінських процесів\r\n', 2, NULL),
	(159, 10, 'Яка із перелічених функцій менеджменту базується на потребах та інтересах працівників?\r\n', 'планування\r\n', 'організація\r\n', 'мотивація\r\n', 'контроль\r\n', 3, NULL),
	(160, 10, 'Керівник авторитарного стилю управління…. ?\r\n', 'багато працює сам, вимагає цього від інших\r\n', 'багато працює сам\r\n', 'ділиться владою з підлеглими\r\n', 'цінує підлеглих більш за прибуток\r\n', 1, NULL),
	(161, 10, 'Керівник демократичного стилю управління…. ?\r\n', 'не терпить критики\r\n', 'очікує вказівок зверху\r\n', 'уникає конфліктів\r\n', 'колегіально вирішує проблеми колективу\r\n', 4, NULL),
	(162, 11, 'Яка головна мета WCC?', 'заповнення документації\r\n', 'перевірка правильності функціонування виробничих процесів\r\n', 'позапланове навчання працівників\r\n', 'опис роботи працівників\r\n', 2, NULL),
	(163, 11, 'З якою частотою проводиться перевірка працівників згідно процедури WCC?\r\n', 'кожні 6 / 12 місяців\r\n', 'кожен тиждень\r\n', 'на вибір контролера якості\r\n', 'щонайменше 1 раз на місяць - мінімум 1 працівник на зміну\r\n', 4, NULL),
	(164, 11, 'Яким чином здійснюється вибір працівника для перевірки WCC?\r\n', 'випадковим вибором\r\n', 'згідно перехресної діаграми\r\n', 'за погодженням майстра зміни\r\n', 'за погодженням старшого контролера якості\r\n', 1, NULL),
	(165, 11, 'Який документ містить інформацію про методи перевірки WCC? \r\n', 'Контрольна карта відповідності роботи\r\n', 'Перехресна діаграма реєстрації невідповідностей\r\n', 'Протокол передачі зміни\r\n', 'Контрольна карта міжопераційного контролю\r\n', 1, NULL),
	(166, 11, 'Вкажіть перелік методів перевірки WCC\r\n', 'Опитування працівника, аудит продукту\r\n', 'Спостереження за роботою працівника, перевірка продукту, допінструменту, документації, демонстрація працівником виконаної роботи, опитування', 'Вимірювання продукту, проведення інструктажу, перевірка записів в Rework, перевірка зварів\r\n', 'Перевірка документації, письмовий тест, перевірка продукту\r\n', 2, NULL),
	(167, 11, 'Яким методом доцільно здійснювати перевірку пункту "Працівник використовує захисні рукавиці"?\r\n', 'Спостереження за роботою працівника з відстані\r\n', 'Перевірка продукту\r\n', 'Опитування\r\n', 'Перевірка документації\r\n', 1, NULL),
	(168, 11, 'Хто відповідальний за визначення заходів до невідповідностей WCC?\r\n', 'Майстер\r\n', 'Бригадир\r\n', 'Керівник підвідділу\r\n', 'Контролер якості\r\n', 2, NULL),
	(169, 11, 'Хто підтверджує завершення контролю по невідповідності WCC?\r\n', 'Майстер і контролер якості\r\n', 'Бригадир\r\n', 'Призначена відповідальна особа\r\n', 'інспектор з контролю якості продукції\r\n', 1, NULL),
	(170, 11, 'Хто здійснює триденний контроль по невідповідності WCC?\r\n', 'Майстер і контролер якості\r\n', 'Бригадир\r\n', 'Призначена відповідальна особа\r\n', 'інспектор з контролю якості продукції\r\n', 2, NULL),
	(171, 11, 'Який документ містить інформацію про необхідність перевірки продукту при здійсненні  WCC? \r\n', 'Контрольна карта відповідності роботи\r\n', 'Перехресна діаграма реєстрації невідповідностей\r\n', 'Протокол передачі зміни\r\n', 'Контрольна карта міжопераційного контролю\r\n', 1, NULL),
	(172, 11, 'Контроль функціонування WCC на дільниці майстер здійснює (в тому числі при відсутності невідповідностей)? \r\n', 'кожного місяця\r\n', 'кожного тижня\r\n', 'кожного дня\r\n', 'тільки при виникненні невідподвіності\r\n', 2, NULL),
	(173, 11, 'В якому документі  майстер підтверджує підписом здійснення контролю  WCC на дільниці (в тому числі при відсутності невідповідностей)? ', 'Контрольна карта відповідності роботи\r\n', 'Перехресна діаграма реєстрації невідповідностей\r\n', 'Звіт по WCC\r\n', 'Контрольна карта міжопераційного контролю\r\n', 2, NULL),
	(174, 11, 'Яким методом доцільно здійснювати перевірку пункту "Працівник здійснює стовідсотковий контроль продукції"?\r\n', 'Спостереження за роботою працівника з відстані\r\n', 'Перевірка продукту\r\n', 'Опитування\r\n', 'Перевірка документації\r\n', 1, NULL),
	(175, 11, 'Яким методом доцільно здійснювати перевірку пункту "Працівник має дійсну сертифікацію"?\r\n', 'Спостереження за роботою працівника з відстані\r\n', 'Перевірка продукту\r\n', 'Опитування\r\n', 'Перевірка документації\r\n', 4, NULL),
	(176, 11, 'Що таке "4М"?\r\n', 'інструмент контролю виробничих процесів\r\n', 'інструмент навчання працівників\r\n', 'інструмент контролю продукції\r\n', 'інструмент підготовки, моніторингу, контролю змін у виробничому процесі\r\n', 4, NULL),
	(177, 11, 'Визначіть повний та правильний перелік точок змін (згідно А06017)?\r\n', 'планові та непалнові зміни\r\n', 'Людина, метод, обладнаня \r\n', 'Працівник, обладнання, метод, матеріал\r\n', 'Працівник, обладнання, менеджмент, матеріал\r\n', 3, NULL),
	(178, 11, 'Впровадження  нового допоміжного інструменту - це...(згідно А06017)?\r\n', 'планова зміна\r\n', 'зміна обладнання\r\n', 'зміна людини\r\n', 'правильна відповідь - а і b\r\n', 4, NULL),
	(179, 11, 'Хто відповідальний за графічну візуалізацію  змін на лейауті дільниці...(згідно А06017)?\r\n', 'бригадир\r\n', 'майстер зміни\r\n', 'контролер якості\r\n', 'інспектор з контролю якості\r\n', 2, NULL),
	(180, 11, 'Опрацьовує зміст зміни згідно процедури 4М…', 'бригадир', 'майстер зміни', 'контролер якості', 'інспектор з контролю якості', 2, NULL),
	(181, 11, 'Зміст навчання, що включає в себе  "Навчання по новому методу/процесу" стосується…\r\n', 'зміни людини\r\n', 'всіх типів змін\r\n', 'технічних змін (методу, матеріалу, обладнання)\r\n', 'зміни матеріалу\r\n', 3, NULL),
	(182, 11, 'Зміст навчання, що включає в себе  "Навчання на робочому місці" стосується…\r\n', 'зміни людини\r\n', 'всіх типів змін\r\n', 'технічних змін (методу, матеріалу, обладнання)\r\n', 'зміни матеріалу\r\n', 2, NULL),
	(183, 11, 'Чи потребує зміна типу бандажування гілки контролю 4М?', 'так, оскільки це має вплив на продукт і потребує навчання працівника', 'ні, якщо згідно матриці знань працівник вміє виконувати дану операцію', 'так, це зміна методу', 'правильні відповіді - а і с', 4, NULL),
	(184, 11, 'Елемент перевірки по зміні  "Перевірити, чи операція була здійснена в запланований час та визначений спосіб " стосується…\r\n', 'зміни людини\r\n', 'всіх типів змін\r\n', 'технічних змін (методу, матеріалу, обладнання)\r\n', 'зміни матеріалу\r\n', 2, NULL),
	(185, 11, 'Хто приймає рішення про закінчення контролю 4М..(згідно А06017)?\r\n', 'бригадир\r\n', 'майстер зміни\r\n', 'контролер якості\r\n', 'інспектор з контролю якості\r\n', 2, NULL),
	(186, 11, 'Хто перевіряє правильність заповнення бланків 4М..(згідно А06017)?\r\n', 'бригадир\r\n', 'контролер якості\r\n', 'майстер зміни\r\n', 'інспектор з контролю якості\r\n', 3, NULL),
	(187, 11, 'Скільки зразків продукції треба перевірити при зміни людини - новий працівник..(згідно А06017)?\r\n', '6\r\n', 'не менше 3\r\n', '3\r\n', '2\r\n', 1, NULL),
	(188, 11, 'Скільки триває контроль за НСП?\r\n', 'місяць і більше (при потребі)\r\n', 'до завершення впровадження всіх заходів\r\n', 'до завершення аналізу НСП\r\n', 'два дні\r\n', 1, NULL),
	(189, 11, 'У яких випадках необхідно проводити контроль НСП?\r\n', 'при виявленні бракованого продукту з попередньої дільниці\r\n', 'якщо працівник виявив помилку у своїй роботі\r\n', 'при виявленні неякісної закупівельної частини\r\n', 'правильні відповіді - а і с\r\n', 3, NULL),
	(190, 11, 'Кому працівник формувальної лінії повинен зголосити про НСП?\r\n', 'бригадиру\r\n', 'майстру\r\n', 'інспектору з контролю якості\r\n', 'контролеру якості\r\n', 1, NULL),
	(191, 11, 'При  виникненні НСП, що стосується закупівельних частин, необхідно заблокувати...?\r\n', 'матеріал (сировину)\r\n', 'виготовлену потенційно браковану продукцію\r\n', 'обладнання\r\n', 'правильні відповіді - а і b\r\n', 4, NULL),
	(192, 11, 'Яку дату слід вказати у бланку 4М?', '30.07.2017', 'дату впровадження контролю 4М', '28.07.2017', '29.07.2016', 4, 1),
	(193, 11, 'Що таке Каталог  НСП?\r\n', 'документ, що відображає хід контролю за НСП\r\n', 'документ, що містить пункти переіврки по НСП\r\n', 'документ, що містить всі зареєстровані випадки НСП на дільниці', 'документ, що містить всі зареєстровані випадки НСП на зміні\r\n', 3, NULL),
	(194, 11, 'Яка головна мета 4M?\r\n', 'Контроль впровадження технічних змін \r\n', 'Контроль впровадження змін, що потребують навчання працівників та перевірки продукту\r\n', 'Додатковий контроль виробничих процесів\r\n', 'Додатковий контроль продукту\r\n', 2, NULL),
	(195, 11, 'Що таке WCC?\r\n', 'система навчання працівників\r\n', 'система аналізу помилок\r\n', 'контроль впровадження змін\r\n', 'додатковий контроль виробничих процесів\r\n', 4, NULL),
	(196, 11, 'Що таке НСП?\r\n', 'факт порушення техніки безпеки\r\n', 'загроза виникнення простою\r\n', 'будь-яка незвичайна (така,що різко відрізняється від звичайної) ситуація, що може призвести до виникнення поломок чи дефектів										\r\n										\r\n', 'будь-яка загроза здоров\'ю працівників\r\n', 3, NULL),
	(197, 11, 'Який випадок не є незвичайним станом? \r\n', 'скрипить конвеєр\r\n', 'на лінії КСК виявлено модуль без монтажного фіксатора\r\n', 'в тестувальному столі виявлено відламаний контакт', 'закупівельна частина має незвичайний колір\r\n', 2, NULL),
	(198, 11, 'У яких випадках  не фіксується НСП? \r\n', 'у випадку виникнення загрози нещасного випадку\r\n', 'у випадку, коли працівник допустився помилки\r\n', 'у випадку поломки обладнання\r\n', 'у випадку відсутності звичних дефектів без впровадження заходів\r\n', 2, NULL),
	(199, 11, 'Як часто потрібно проводити обов\'язкові навчання по НСП для всіх працівників?\r\n', '2 рази на рік \r\n', 'кожного тижня\r\n', 'після отримання зовнішньої рекламації\r\n', 'на розсуд керівника\r\n', 1, NULL),
	(200, 11, 'Хто підтверджує завершення контролю по невідповідності WCC?\r\n', 'Майстер і контролер якості\r\n', 'Бригадир\r\n', 'Призначена відповідальна особа\r\n', 'інспектор з контролю якості продукції\r\n', 1, NULL),
	(201, 11, 'В якому випадку контроль зміни 4М триває більше, ніж 1 день? \r\n', 'у випадку контролю нового працівника або працівника з іншого підвідділу - більш ніж 2 тижні\r\n', 'у випадку складних технічних змін\r\n', 'у випадку  змін інструкцій формування\r\n', 'у випадку, коли збігаються 2 і більше зміни\r\n', 1, NULL),
	(202, 11, 'Що треба використовувати для проведення навчання по НСП?', 'процедуру про правило `Зупини! Скажи! Чекай!`', 'навчання можна проводити без наочних матеріалів', 'приклади НСП кожної дільниці, загальну презентацію з прикладами НСП, інструкцію про НСП, плакати про правило `Зупини! Скажи! Чекай!`', 'бланк контролю за НСП', 3, NULL),
	(203, 12, 'Якщо А більше Б в 9 раз, Б меньше В в 4 раз, то\r\n', 'А > В  \r\n', 'А < В\r\n', 'А = В\r\n', 'неможливо визначити із зазначеної умови\r\n', 1, NULL),
	(204, 12, 'Якщо А меньше Б в 10 раз, Б більше В в 6 раз, то\r\n', 'А > В  \r\n', 'А < В\r\n', 'А = В\r\n', 'неможливо визначити із зазначеної умови\r\n', 2, NULL),
	(205, 12, 'Якщо А більше Б в 3 раза, Б меньше В в 6 раз, то\r\n', 'А > В  \r\n', 'А < В\r\n', 'А = В\r\n', 'неможливо визначити із зазначеної умови\r\n', 2, NULL),
	(206, 12, 'Якщо А меньше Б в 3 раза, Б більше В в 7 раз, то\r\n', 'А > В  \r\n', 'А < В\r\n', 'А = В\r\n', 'неможливо визначити із зазначеної умови\r\n', 1, NULL),
	(207, 12, 'Яке з тверджень вірне, виходячи з наступного опису - відомо, що гримзік обов’язково або полосатий, або рогатий, або і полосатий, і рогатий одночасно.   \r\n', 'гримзік не може бути безрогим;\r\n', 'гримзік не може бути однотонним і безрогим одночасно;\r\n', 'гримзік не може бути полосатим і безрогим одночасно\r\n', 'гримзік не може бути полосатим \r\n', 2, NULL),
	(208, 12, 'Яке з тверджень вірне, виходячи з наступного опису - в природі виявлено більше десятка тіалок, всі виявлені тіалки червоного кольору\r\n', 'по меншій мірі деякі  з тіалок червоного кольору\r\n', 'по меншій мірі деякі з тіалок зеленого кольору\r\n', 'деякі з тіалок (з тих, що вже виявлені) можуть бути не червоними\r\n', 'по меншій мірі деякі з тіалок безколірні \r\n', 1, NULL),
	(209, 12, '«AБ» так відноситься до «ГВ», як «СР до:\r\n', 'ПО\r\n', 'ОП\r\n', 'ТУ\r\n', 'СТ\r\n', 2, NULL),
	(210, 12, 'Яке з наступних сполучень знаків повинне продовжити цей ряд: ХООООХХОООХХХ?\r\n', 'ОХХХ\r\n', 'ООХХ\r\n', 'ХООО\r\n', 'ХООХ\r\n', 2, NULL),
	(211, 12, '«Краще» відноситься до «найгірший», як «повільніше» до:\r\n', 'швидкий\r\n', 'найкращий\r\n', 'найшвидший\r\n', 'швидший\r\n', 3, NULL),
	(212, 12, '«Стомлений» так відноситься до «роботи», як «гордий» до:\r\n', 'усмішка\r\n', 'щастя\r\n', 'успіх\r\n', 'щасливий\r\n', 3, NULL),
	(213, 12, 'Яке з тверджень вірне, виходячи з наступного опису - всі охлотушки вміють грати в шахи\r\n', 'бувають охлотушки, що не вміють гарти в шахи\r\n', 'не буває охлотушок, що вміють грати в шахи\r\n', 'всі, хто вміє грати шахи, - охлотушки\r\n', 'не буває охлотушок, що не вміють грати в шахи\r\n', 4, NULL),
	(214, 12, 'Яке з тверджень вірне, виходячи з наступного опису - шмурдік завжди або муркає або уркає\r\n', 'шмурдік іноді муркає\r\n', 'шмурдік іноді уркає\r\n', 'шмурдік іноді муркає, а іноді уркає\r\n', 'шмурдік ніколи не займається одночасно урканням і мурканням\r\n', 4, NULL),
	(215, 12, 'Яке з тверджень вірне, виходячи з наступного опису - Якщо обрадувати бушку, вона дасть молока. Бушка обрадується, якщо дьоргнути її за хвіст.\r\n', 'якщо дьоргнути бушку за хвіст, вона дасть молока\r\n', 'ніхто не обрадується, якщо його дьоргнути за хвіст\r\n', 'якщо не дьоргнути бушку за хвіст, вона не дасть молока\r\n', 'бушка не дає молока\r\n', 1, NULL),
	(216, 12, '«Подив» так відноситься до «надзвичайний», як «страх» до:\r\n', 'небезпечний\r\n', 'неспокійний\r\n', 'гострий\r\n', 'великий\r\n', 1, NULL),
	(217, 12, 'Який з наступних дробів не підходить до двох інших:\r\n', '"3/9"\r\n', '"3/7"\r\n', '"3/5"\r\n', '"3/11"\r\n', 1, NULL),
	(218, 12, '«Полум’я» відноситься до «тепло», як «троянда» до:\r\n', 'аромат\r\n', 'спека\r\n', 'пелюстка\r\n', 'колючка\r\n', 1, NULL),
	(219, 12, 'Яке з наступних слів не підходить до двох інших:', 'широкий\r\n', 'зигзагоподібний\r\n', 'прямий\r\n', 'хвилястий\r\n', 1, NULL),
	(220, 12, 'Двоє рибалок піймали 36 рибин. Перший піймав у вісім разів більше, ніж другий. Скільки рибин піймав другий рибалка:\r\n', '4\r\n', '6\r\n', '8\r\n', '10\r\n', 1, NULL),
	(221, 12, 'Для пошиття сукні потрібно 2 1/3 метрів квадратних тканини. Cкільки суконь можна пошити з 42м2 тканини\r\n', '15\r\n', '16\r\n', '18\r\n', '21\r\n', 3, NULL),
	(228, 2, 'Згідно чого обирається помилка для PQAT?', 'зголошення від працівників ', 'згідно статистики з якості ', 'внутрішня рекламація ', 'зовнішня рекламація', 2, NULL),
	(229, 3, '"РІКА РІКА" в перекладі означає ...', 'постійне покращення ', 'блискуче-блискуче', 'перевірка якості ', 'поводження з дефектами ', 2, NULL),
	(230, 8, 'До правил закладання контактів маси в розетку належать:', 'закладання проводів завжди починаєтсья з комірки №1', 'в комірки з буквами проводи закладаються в першу чергу', 'масовий провід без термозбіжної трубки закладається кримпом донизу', 'всі відповіді правильні', 1, NULL),
	(231, 4, '100%-ве сортування - тип сортування, при якому підлягає перевірці весь матеріал/продукція даного типу …', 'на дільниці', 'на підприємстві', 'на філії', 'весь матеріал, доставлений в дільницю сортування', 2, NULL),
	(232, 4, 'Хто відповідальний за організацію та проведення сортування в межах дільниці?', 'контролер якості дільниці', 'майстер зміни', 'інспектор з контролю якості', 'особа, вказана в протоколі сортування', 2, NULL),
	(233, 4, 'Яка мінімальна кількість елементів у червоному кутку (червоні кружечки, стрічки, картки)?', '4', '5', 'залежить від дільниці', 'залежить від опису на візуалізації червоного кутка', 2, NULL),
	(234, 4, 'Який захід із наведених не є системним?', 'додатковий пункт контролю', 'тримач з системою Poka-Yoke', 'зміна конфігурації формувальної дошки', 'зміна програмного забезпечення', 1, NULL),
	(236, 4, 'Перевірка машин, обладнання, симуляція на  тестувальних столах…', 'коригуючий захід', 'негайний захід', 'системний захід', 'відповіді а і в правильні', 2, NULL),
	(237, 6, 'Що слід зробити керівнику дільниці в першу чергу під час евакуації при пожежі чи настанні техногенної аварії на підприємстві?', 'рухатись до найближчих дверей:', 'чекати на вказівку керівника і рухатись згідно отриманого маршруту;', 'організувати евакуацію працівників відповідно до вказівників, розміщених на стінах, колонах;', 'дзвонити за номером телефону 101 та сповістити безпосереднього керівника.', 3, NULL),
	(238, 6, 'Де знаходитися зведена інформація, які засоби індивідуального захисту слід використовувати?', 'матриця використання засобів індивідуального захисту (ЗІЗ)', 'матриця нерутинних робіт', 'стандарт використання засобів індивідуального захисту (ЗІЗ)', 'матриця виконуваних робіт та засобів індивідуального захисту (ЗІЗ)', 1, NULL),
	(244, 9, 'Хто відповідальний за ведення журналів обліку допоміжних інструментів на дільниці?', 'бригадир', 'майстер', 'інспектор з контролю якості', 'шпрингер', 1, NULL),
	(245, 9, 'Хто відповідальний за тижневу перевірку бланку обліку інструментів на позиції?', 'бригадир', 'майстер', 'інспектор з контролю якості', 'працівник позиції', 2, NULL),
	(246, 9, 'Хто підтверджує здійснення щоденної перевірки робочого місця?', 'інспектор з контролю якості', 'майстер', 'бригадир', 'працівник позиції', 3, NULL),
	(247, 9, 'Внутрішню рекламацію доцільно виставити у випадку….', 'повторюваної або серійної помилки', 'критичної помилки', 'незначної помилки', 'варіант а і b правильні', 4, NULL),
	(248, 9, 'За якою формулою обчислюється ефективність лінії?', '(к-ть працівників х тривалість зміни)/виготовлені хвилини х 100%', 'виготовлені хвилини /(к-ть працівників х тривалість зміни) х 100%', 'виготовлені хвилини /(к-ть працівників х тривалість зміни) ', 'к-ть працівників х виготовлені хвилини / тривалість зміни х 100%', 2, NULL),
	(249, 9, 'За якою формулою обчислюється продуктивність лінії?', '(к-ть працівників х тривалість зміни- тривалість простоїв)/виготовлені хвилини х 100%', '(к-ть працівників х тривалість зміни- тривалість простоїв)/виготовлені хвилини ', 'виготовлені хвилини /(к-ть працівників х (тривалість зміни - тривалість простоїв)) х 100%', 'к-ть працівників х тривалість зміни/виготовлені хвилини х 100%', 3, NULL),
	(250, 9, 'Яка відмінність між ефективністю та продуктивність лінії?', 'при обрахунку продуктивності від хвилин час простою не враховується', 'при обрахунку продуктивності від хвилин час простою враховується, тобто оплачується', 'при обрахунку ефективності час простою враховується, тобто оплачується', 'при обрахунку продуктивності час простою враховується, тобто оплачується', 4, NULL),
	(251, 9, 'Де можна прочитати мач код частини?', 'на візуалізації частини', 'в кресленні', 'на частині', 'всі відповіді правильні', 4, NULL),
	(252, 9, 'Про що свідчить ситуація, коли в’язка вже знята з формувальної дошки ,але на моніторі не всі кружечки білі ?', 'Залишились елементи в тесту вальних модулях', 'Тестувальний елемент засмічений', 'вязка пройшла КНМ тест', 'правильні відповіді - а і b', 4, NULL),
	(253, 9, 'Для чого саме потрібно використовувати червоні стрічки.', 'для позначення перерви в роботі', 'для позначення поламаного колика', 'для позначення бракованої  частини вязки', 'для блокування матеріалу на позиції', 3, NULL),
	(254, 9, 'Для чого саме потрібно використовувати червоні кружечки.\r\n', 'для позначення перерви в роботі\r\n', 'для позначення поламаного колика, тримача, костки\r\n', 'для позначення бракованої  частини вязки', 'для блокування матеріалу на позиції\r\n', 2, NULL),
	(255, 9, 'Для чого саме потрібно використовувати жовті стрічки.', 'для позначення перерви в роботі', 'для позначення поламаного колика', 'для позначення бракованої  частини вязки', 'для блокування матеріалу на позиції', 1, NULL),
	(256, 9, 'Для чого саме потрібно використовувати червоні картки.', 'для опису дефекту (браку), невідповідності на продукті', 'для опису поламаного колика', 'для позначення бракованої  частини вязки', 'для блокування матеріалу на позиції', 1, NULL),
	(257, 9, 'Яка програма фіксує помилки на тесту вальних столах', 'QDE', 'QDV', 'OTIS', 'всі варіанти правильні', 4, NULL),
	(258, 9, 'Програма, що фіксує візуальні помилки на тестувальних столах, називається…', 'QDE', 'QDV', 'OTIS', 'PLS', 2, NULL),
	(259, 9, 'Яку саме інформацію містить замовлення на КСК?', 'CarID, ZSB', 'LOL/LOR', 'E-Golf/ Hybrid', 'InRa MoRa', 1, NULL),
	(260, 9, 'Що таке рестрикція?', 'унікальний номер вязки', 'термін висилки вязки', '100% модулі', 'різновид, тип вязки', 4, NULL),
	(261, 9, 'Що таке програма PLS?', 'програма, де вказано, скільки і якого саме матеріалу знаходится на робочому місці', 'програма, де  вноситься інструкція по формуванні КСК з подальшим відображенням на моніторах конвеєра', 'програма, де вказано, з яких модулів складається вязка КСК', 'правильні відповіді - b і с', 2, NULL),
	(262, 9, 'Що таке ZSB?', 'унікальний номер вязки', 'дата вбудування вязки', 'структура вязки (LOL/LOR, варіант вязки, рестрикція, перелік модулів, запобіжників і т.д.)', 'номер креслення вязки', 3, NULL),
	(263, 9, 'Яка інформація в інструкції формування виділяється синім кольором?', 'зміни згідно 4М', 'не стовідсоткові частини', 'зміни в інструкції даного KW', 'частини, на які приходили рекламації', 3, NULL),
	(264, 9, 'Що таке Sonata?', 'план виробництва на тиждень', 'абревіатура від "Soll nach Tagen" (має бути по днях)', 'перелік КСК, замовлених клієнтом на певний тиждень', 'правильні відповіді а, b, c', 4, NULL),
	(265, 9, 'Що означає концепція JIT?', 'визначені КСК мають бути у клієнта у визначений час', 'визначені КСК мають бути у клієнта у певній послідовності', 'спочатку використовується матеріал, щоб був виготовлений раніше', 'спочатку використовується матеріал, щоб був виготовлений останнім', 1, NULL),
	(266, 9, 'Що саме означає дане позначення?', 'монтажний фіксатор', 'капка', 'незафіксований конектор', 'зафіксований конектор', 3, 1),
	(267, 9, 'Що саме означає дане позначення?', 'монтажний фіксатор', 'капка', 'незафіксований конектор', 'зафіксований конектор', 4, 1),
	(268, 9, 'Що саме означає дане позначення?', 'монтажний фіксатор', 'капка', 'незафіксований конектор', 'зафіксований конектор', 2, 1),
	(269, 9, 'Що саме означає дане позначення?', 'напрямок формування гілки', 'монтажний фіксатор', 'напрямок розташування монтажного фіксатора', 'додатковий пункт контролю', 2, 1),
	(270, 9, 'Чому забороняється контактування в руках?', 'можливе пошкодження контактів', 'можливе контактування проводу в неправильну комірку через відсутність візуалізації конектора', 'можливе сплутування проводів', 'можливе випадкове фіксування конектора', 2, NULL),
	(271, 9, 'Недотримання правила 4Р може призвести до ...?', 'пошкодження контактів', 'пошкодження проводу', 'недофіксування контакту, який тестувальний стіл не виявляє', 'пошкодження конектора', 3, NULL),
	(272, 9, 'Одягання гофрованої трубки без відповідної приспособи  може призвести до ...?', 'пошкодження гофрованої трубки', 'пошкодження ізоляційної стрічки', 'пошкодження ізоляції проводів під гофрованою трубкою', 'неправильних відстаней', 3, NULL),
	(273, 9, 'Первинне блокування контактів відбувається завдяки ...?', 'формі  (будові) контакту', 'блокувальному елементу конектора', 'правилу 4Р', 'будові тримача', 1, NULL),
	(274, 9, 'Вторинне блокування відбувається за допомогою ...?', 'блокувального елемента конектора', 'допихачки', 'блокувального елемента контакту', 'скріплюючої стрічки або руберлупа', 1, NULL),
	(275, 9, 'Дане бандажування на формувальній дошці позначається…', NULL, NULL, NULL, NULL, 3, 2),
	(276, 9, 'Дане позначення на формувальній дошці проекту VW370 використовується для …', 'спіральне ізолювання фільцевою стрічкою 9мм', 'спіральне ізолювання віскозною стрічкою 9мм', 'спіральне ізолювання велюровою стрічкою 9мм', 'суцільне ізолювання віскозною стрічкою 9мм', 2, 1),
	(277, 9, 'Дане позначення на формувальній дошці проекту VW370 використовується для …', 'спіральне ізолювання фільцевою стрічкою 9мм', 'спіральне ізолювання віскозною стрічкою 9мм', 'спіральне ізолювання велюровою стрічкою 9мм', 'суцільне ізолювання віскозною стрічкою 9мм', 1, 1),
	(278, 9, 'Дане позначення на формувальній дошці проекту VW370 використовується для …', 'гофрована трубка', 'ізоляційна трубка', 'стрічка ПВХ 19мм', 'стрічка ПВХ 12мм', 4, 1),
	(279, 9, 'Даний запис в бланку огляду робочого місця означає', 'на робочому місця виготовлялася продукція лише кілька годин в середині зміни', 'робоче місце не працювало ', 'під час огляду були виявлені невідповідності', 'вихідний день', 1, 1),
	(280, 9, 'Даний запис в бланку огляду робочого місця означає', 'на робочому місця виготовлялася продукція лише кілька годин в середині зміни', 'робоче місце не працювало цілу зміну', 'під час огляду були виявлені невідповідності', 'по всіх пунктах були знайдені невідповідності', 2, 1),
	(281, 9, 'Дана приспособа використовується для:', 'для надагання гофрованої трубки діаметром до 12мм', 'одягання гофрованої трубки діаметром від 4.5 мм до 12 мм', 'для надагання гофрованої трубки будь-якого діаметру', 'для надагання гофрованої трубки до 4.5мм', 2, 1),
	(282, 9, 'До правил закладання контактів маси в розетку належать:', 'закладання проводів завжди починаєтсьяз комірки №1', 'в комірки з буквами проводи закладаються в першу чергу', 'масовий провід без термозбіжної трубки закладається кримпом донизу', 'всі відповіді правильні', 1, NULL),
	(283, 9, 'Бандажування мокрої частини в\'язки при суцільному бандажуванні виконується шляхом накладання стрічки одна на одну на…', '30-40 %', '40-50 %', '30-50 %', '30-60 %', 4, NULL),
	(284, 9, 'Відстань між витками при спіральному бандажуванні не може бути більшою за ', 'ширину стрічки', 'потрійну ширину стрічки', 'подвійну ширину стрічки', 'пів ширини стрічки', 3, NULL),
	(285, 9, 'Яку саме невідповідність кріплення СL зображено на фото?', ' СL прикріплена не тією стрічкою', ' СL прикріплена не тією стороною', ' СL прикріплена неправильно,краї замотані стрічкою', ' СL прикріплена не та що потрібно', 3, 1),
	(286, 9, 'Зовнішня рекламація на коротку відстань відгалуження GUSFS трапилась через:', 'неправильно встановлений конектор не за той тримач-вила', 'виведено відгалуження не  за той колик при  розкладанні', 'відгалуження злетіло та його вивели не за той колик при бандажуванні', 'поряд є схоже відгалуження і його   переплутали', 3, 1),
	(287, 9, 'Як правильно забандажувати зварений на динамічній зварці вузол?', 'замотати стрічку рівно навколо зварного вузла', 'замотати стрічку під кутом 45* навколо зварного вузла', 'замотати стрічку під кутом 90* навколо зварного вузла', 'загнути стрічку під кутом 90* на край зварного вузла і продовжити навколо 3 витки', 4, NULL),
	(288, 9, 'Яким чином відрізнити конектори, щоб не допустити помилку  переплутані відгалуження GUSBFS-GUSBFSNAR?', 'за написом на візуалізації конектора', 'за кольором конектора на візуалізації', 'за кольором проводів на візуалізації', 'за відгалуженням ', 3, 1),
	(289, 9, 'Чому трапилась дана рекламація-відсутня CL1052', ' СL прикріплена не тією стрічкою і тому відлетіла ', ' СL не якісно прикріплена  стрічкою і тому відлетіла ', ' СL прикріплена неправильно прийшла на модулі із ФТК/КМ на КСК', 'працівник КСК не  розклав конектор DSMI за вила', 4, 1),
	(290, 9, ' Найчастіша помилка, що зголошуєтсья клієнтом, із даним типом контактів….', 'зламаний контакт', 'поцарапаний контакт', 'зігнутий контакт', 'неправильно набитий контакт', 3, 1),
	(291, 9, ' Найчастіша помилка  в конекторі KS_SILI _3BL, що зголошуєтсья клієнтом…..', 'зламаний контакт', 'недопханий контакт', 'незафіксований конектор', 'зігнутий контакт', 3, 1),
	(292, 9, 'Яка причина зумовила виникнення цієї рекламації', 'правильне розкладання КМ_161 , без петель та натягу', 'неправильне розкладання КМ_161-переплетення проводів та сплетення', 'неправильне розкладання проводів РІМ000', 'неправильне розкладання проводів КМ323', 2, 1),
	(293, 9, 'Яка помилка зголошена клієнтом в даній рекламації?', 'сплетення OR/GN з  VT16 не заховане під шупкою', 'сплетення OR/GN з  VT16 має зайву довжину', 'обірване сплетення OR/GN з  VT16 у KF_FB_RECHTS', 'сплетення OR/GN з  VT16 переплутане із сплетенням  WS/BL', 3, 1),
	(294, 9, 'В чому помилка даного звару?', 'проводи однакового поперечного перерізу вкладені симетрично один на одного', 'проводи однакового поперечного перерізу вкладені зміщено один на одного', 'проводи однакового поперечного перерізу вкладені не симетрично один на одного', 'проводи однакового поперечного перерізу вкладені  перехрещено один на одного', 1, 1),
	(295, 9, 'Який був наслідок такого типу пошкодження проводів,вказаний в рекламації?', 'приплюснута ізоляція, але всі дротові нитки не ушкоджені', 'проводи розплюснуті під ізоляцією,але не ушкоджені', 'обірвані дротові нитки у  проводі зі скрутки без пошкодження ізоляції.', 'це розплюснутість від переплетення проводів у скрутці', 3, 1),
	(296, 1, 'Система вправ та тренувань з метою вдосконалення вмінь та навичок працівників на СЕБН УА - це...', 'адаптація', 'сертифікація', 'КЦНР', 'G-Stars', 4, NULL),
	(297, 7, 'Що таке система Kanban?', 'логістична система складування, з допомогою якої забезпечується принцип FiFo', 'карткова система, з допомогою якої регулюється кількість продукції, що виготовляється', 'система стелажів, де кожен матеріал має своє визначене місце', 'правильні відповіді - а і с', 2, NULL),
	(298, 9, 'Яка ціль по зовнішніх ppm для проекту AU49X на 2017 рік?', '20', 'нуль', '15000', '60000', 1, NULL),
	(299, 9, 'Яка ціль по внутрішніх ppm для проекту AU49X на 2017рік?', '20', '15000', '400000', '60000', 3, NULL),
	(300, 9, 'Яка ціль по fpy для проекту AU49X на 2017рік?', '90', '85', '80', '90 - для Cockpit, 85 - для InRa', 3, NULL),
	(301, 3, 'Яка ціль по 5S для виробничих дільниць на 2017рік?', '90', '95', '92', '82', 1, NULL),
	(302, 8, 'Яка ціль по зовнішніх ppm для проекту VW370 на 2017 рік?', '20', 'нуль', '15000', '600', 2, NULL),
	(303, 8, 'Яка ціль по внутрішніх ppm для проекту VW370 на 2017рік?', '20', 'нуль', '15000', '40000', 3, NULL),
	(304, 8, 'Яка ціль по fpy для проекту VW370 на 2017рік?', '96', '97', '98', 'для InRa -97, для MoRa - 98', 3, NULL),
	(305, 10, 'До загальних основних функцій менеджменту належать...', 'науковість, цілеспрямованість, послідовність', 'планування, організація, мотивація, контроль', 'координація, складання звітів, контроль', 'організація, контроль та планування', 2, NULL),
	(306, 10, 'Планування - це:', 'аналог прогнозування', 'вид управлінськоїх діяльності, який визначає перспективу і майбутній стан організації', 'загальне керівництво для дій та прийняття рішень', 'процес досягнення мети організації', 2, NULL),
	(307, 10, 'Влада примусу заснована на:', 'можливості фізичного впливу на підлеглого', 'вірі керівника в те , що йому все дозволено', 'впливі через страх підлеглих втратити роботу, бути покараним', 'управлінні конфліктами', 3, NULL),
	(308, 10, 'Стиль керівництва це:', 'відповідність між вимогами керівника  та можливостями працівника', 'звична манера стосунків керівника з пілеглими', 'відносини, які складаються між керівниками організації', 'правильна відповідь відсутня', 2, NULL),
	(309, 10, 'Стиль керівництва, спрямований на участь членів колективу в обговоренні важливих питань його функціонування - це:', 'демократичний', 'авторитарний', 'бюрократичний', 'патріархальний', 1, NULL),
	(310, 10, 'Стиль керівництва, при якому керівник сам визначає групові цілі, сам приймає рішення - це:', 'демократичний', 'авторитарний', 'бюрократичний', 'патріархальний', 2, NULL),
	(311, 10, 'Лідерство - це:', 'здатність генерувати ідеї, приймати нестандартні управлінські рішення та нести відповідальність за них', 'здатність впливати на окремих осіб та групи працівників з метою зосередження їх зусиль на досягненні цілей організації', 'здатність делегувати повноваження, уміння організовувати та планувати робочий час', 'здатність генерувати ідеї, впливати на зовнішнє середовище організації', 2, NULL),
	(312, 10, 'Влада - це:', 'можливість впливати на поведінку інших людей', 'звична манера стосунків керівника з підлеглими ', 'ступінь делегування повноважень, форми влади, які використовує керівник та його ставлення до завдань і людських відносин в колективі', 'будь -яка поведінка одного індивіда, яка вносить зміни у поведінку іншого індивіда', 1, NULL),
	(313, 6, 'Висота, на якій дозволено працювати, без спеціального навчання та екзамену….', 'до 1 м 40 см;', 'до 1 м 30 см;', 'від 1 м 30 см;', 'до 2м;', 2, NULL),
	(314, 6, 'Що необхідно зробити для розслідування причин нещасного випадку до прибуття комісії?', 'зберегти обстановку на місці випадку такою, якою вона була в момент випадку, навіть, якщо це  загрожує життю інших працівників та  посилює аварійну ситуацію', 'зберегти обстановку на місці випадку такою, якою вона була в момент випадку, якщо це не загрожує життю інших працівників та не посилить аварійну ситуацію', 'не зберігати обстановку на місці випадку', 'провести розяснюючу бесіду з працівниками, що були свідками випадку', 2, NULL),
	(315, 6, 'За яким номером телефону викликають швидку медичну допомогу?', 'за номером 101;', 'за номером 102;', 'за номером 103;', 'за номером 104', 3, NULL),
	(317, 14, 'Перечисліть 5 ознак проводу', 'основний колір, додатковий колір, поперечний переріз, одна сторона, друга сторона ', 'основний колір, додатковий колір, поперечний переріз, матеріал, тип ізоляції', 'колір, основний колір, зовнішній діаметр проводу, діаметр жил, товщина ізоляції', 'основний колір, додатковий колір, довжина, товщина ізоляції, діаметр жили', 1, NULL),
	(318, 14, 'Що таке CFA?', 'метод аналізу помилок', 'контроль сили затиску', 'визначення стабільності роботи машину', 'процес допуску обладнання', 2, NULL),
	(319, 14, 'Що таке MFU?', 'контроль сили затиску', 'метод аналізу помилок', 'визначення стабільності роботи машину', 'процес допуску обладнання', 3, NULL),
	(320, 14, 'Що таке Zero cut?', 'провід без відізолювання', 'система обрізки витягнутої жили проводу', 'толенція відізолювання з двома знаками після коми', 'перший нарізаний зразок проводу з замовлення (нульовий зразок)', 2, NULL),
	(321, 14, 'Що таке ACD?', 'система виявлення постійного струму', 'система виявлення підрізаних жил', 'система виявлення перемінного струму', 'система аналізу часів простоїв кримпування ', 2, NULL),
	(322, 14, 'Як часто проводиться техогляд кримпувальних аплікаторів?', 'раз в півроку', 'кожних 30 тисяч ударів аплікатора', 'кожного разу при здачі аплікатора на шліфбілдстанцію', 'кожних 100 тисяч ударів аплікатора', 2, NULL),
	(323, 14, 'Шліфбільд обовязково робиться для.. ?', 'замовлень з проводом 0,13', 'замовлень з проводом 0,35', 'замовлень з проводом 0,13 та 0,35', 'замовлень з проводом 0,5', 3, NULL),
	(324, 14, 'Для чого використовується система CAO?', 'для обліку та розподілу усіх замовлень ', 'для обліку кількості ударів аплікатора', 'для обліку кількості виготовленої продукції', 'всі відповіді правильні', 4, NULL),
	(325, 14, 'Cbm це ….', 'висота кримпа', 'ширина ізоляційного кримпа', 'висота ізоляційного кримпа', 'ширина кримпа', 4, NULL),
	(326, 14, 'Ch це ….', 'висота кримпа', 'ширина кримпа', 'ширина ізоляційного кримпа', 'висота ізоляційного кримпа', 1, NULL),
	(327, 14, 'Iso Cb це ….', 'висота кримпа', 'ширина кримпа', 'ширина ізоляційного кримпа', 'висота ізоляційного кримпа', 3, NULL),
	(328, 14, 'Iso Ch це ….', 'висота кримпа', 'ширина кримпа', 'висота ізоляційного кримпа', 'ширина ізоляційного кримпа', 3, NULL),
	(329, 14, 'Скільки взірців потрібно перевірити на висоту жилового кримпу при старті замовлення?', '1', '3', '4', '5', 1, NULL),
	(330, 14, 'Скільки зразків потрібно перевірити на правильність відізолювання вкінці замовлення? ', '1', '2', '3', 'жодного зранка', 4, NULL),
	(331, 14, 'Що таке зона контакту?', 'жиловий кримп', 'жиловий кримп + ізоляційний кримп', 'жилове зєднання без вхідної та вихідної кривих набігання', 'місце контактування двох контактів ( папка і мамка)', 4, NULL),
	(332, 14, 'На яку помилку не реагує CFA?', 'обрізані дротові нитки під кримпом', 'відсутність контакту чи проводу', 'неправильна висота кримпування', 'жили поза межами кримпу', 4, NULL),
	(333, 14, 'Що таке "Комах 26"?', 'порядковий номер машини', 'струменева маркувальна машина', 'пристрій для надруку методом гарячого штампування', 'система позиціонування сіла перед кримпуванням', 3, NULL),
	(334, 14, 'Нарізання скручених проводів заборонено на…', 'Komax Kappa', 'Schleuniger Power Strip', 'Komax Alpha', 'Komax Zetta', 3, NULL),
	(335, 14, 'Для набивання допелів перевагу потрібно надавати контактам із накладним кримпом типу', 'тип Ф і С', 'тип С і О', 'тип О', 'тип В', 1, NULL),
	(336, 14, 'Якщо провід містить контакт та відізолювання, яку матрицю перевірки слід застосовувати?', 'матриця перевірки процесу кримпування', 'матриця перевірки процесу нарізання', 'матриця перевірки процесу відізолювання', 'правильна відповідь а і с', 1, NULL),
	(337, 14, 'Тест на згинання проводиться для...', 'перевірка якості ізоляції проводу', 'перевірки якості ізоляційного кримпа', 'перевірки якості жилового кримпа', 'правильна відповідь б і с', 2, NULL),
	(338, 15, 'Скільки має бути працівників при формувані БАО-групи 509H модуля проекту PHEV MQB?', '7', '8', '10', '12', 3, NULL),
	(339, 15, 'На яких лініях виконується формування 013В0В модуля  проекту BEV?', 'На лінії В', 'На лінії А і С', 'На лінії С', 'На лінії С і В', 2, NULL),
	(340, 15, 'На  камері оптичного контролю з яким № формується варіант 531М?', '3', '2', '1', '4', 2, NULL),
	(341, 15, 'Скільки є формувальних дошок 531R-варіанту?', '1', '2', '3', '4', 4, NULL),
	(342, 15, 'Хто розтавляє працівників на лінії?', 'Майстер', 'Шпрингер', 'Інспектор з контролю якості', 'Бригадир', 4, NULL),
	(343, 15, 'Що означає статус PRIO-1 в плані формування?', 'кількості, які треба протестувати', 'формувати в першу чергу', 'формувати і тестувати в першу чергу', 'формувати протягом тижня', 3, NULL),
	(344, 15, 'За 20хв.до закінчення зміни на лінії потрібно...', 'поприбирати робочі місця', 'заповнити акордні картки', 'організувати переналуштування обладнання.', 'списати шрот', 3, NULL),
	(345, 15, 'Хто відповідальний за ведення журналу обліку допоміжного інструменту?', 'шпрингер', 'бригадир', 'майстер', 'інспектор з контролю якості', 2, NULL),
	(346, 15, 'Хто підтверджує здійснення щоденної перевірки робочого місця?', 'майстер', 'шпрингер', 'інспектор з контролю якості', 'бригадир', 4, NULL),
	(347, 15, 'Що таке Бао-група?', 'модулі, відкриті в замовлені по МАО', 'напівфабрикат, сформований до певної позиції', 'модулі, сформовані на дошці', 'модулі з передвиробництва', 3, NULL),
	(348, 15, 'Скільки має бути оригінальних працівників на лінія А PHEV MQB при формувані БАО-групи 015 варіанту?', '11 працівників', '10 працівників', '12 працівників', '14 працівників', 3, NULL),
	(349, 15, 'Що таке юнік №?', 'назва модуля', 'порядковий номер модуля', 'назва частини', 'правильні відповіді а і б', 2, NULL),
	(350, 15, 'На яких проектах HV використовується заготовка 12V?', 'На BEV MQB,PHEV PL53', 'На BEV MQB,PHEV MQB', 'На PHEV MQB', 'На PHEV PL53', 2, NULL),
	(351, 16, 'Що таке CFA?', 'контроль сили затиску', 'метод аналізу помилок', 'визначення стабільності роботи машину', 'процес допуску обладнання', 1, NULL),
	(352, 16, 'Що таке MFU?', 'метод аналізу помилок', 'визначення стабільності роботи машину', 'дослідження придатності машини до роботи', 'процес допуску обладнання', 3, NULL),
	(353, 16, 'Як часто проводиться техогляд кримпувальних аплікаторів?', 'раз в півроку', 'кожних 30 тисяч ударів аплікатора', 'кожного разу при здачі аплікатора на шліфбілдстанцію', 'кожних 100 тисяч ударів аплікатора', 2, NULL),
	(354, 16, 'Шліфбільд обовязково робиться для...', 'замовлень з проводом 0,13', 'замовлень з проводом 0,13 та 0,35', 'замовлень з проводом 0,35', 'замовлень з проводом 0,5', 2, NULL),
	(355, 16, 'Для чого використовується система CAO?', 'для обліку та розподілу усіх замовлень ', 'для обліку кількості ударів аплікатора', 'для обліку кількості виготовленої продукції', 'всі відповіді правильні', 4, NULL),
	(356, 16, 'Скільки взірців потрібно перевірити при старті замовлення на РНК?', '1', '2', '3', '4', 3, NULL),
	(357, 16, 'Скільки взірців потрібно перевірити  при старті замовлення на зварці?', '1', '2', '3', '4', 4, NULL),
	(358, 16, 'На яку помилку не реагує CFA?', 'обрізані дротові нитки під кримпом', 'відсутність контакту чи проводу', 'неправильна висота кримпування', 'жили поза межами кримпу', 4, NULL),
	(359, 16, 'Під яким кутом слід виконувати тест на згинання для перевірки зварного зєднання?', '120 градусів в один бік', '90 градусів в один бік', '45 градусів в один бік', '60 градусів в один бік', 2, NULL),
	(360, 16, 'Оберіть варіант правильного каскадування проводів (окрім проводів 0,13)', 'знизу вкладаються найтонший провід', 'знизу вкладаються найтовщий провід', 'хаотично', 'згідно замовлення', 2, NULL),
	(361, 16, 'Який виступ дозволяється за зварним вузлом?', '0-2 мм, для minic 3 і 4  - від 0 до 2', '0-2 мм для всіх типів зварок ', '0-2 мм, для minic 3 і 4  - від 0 до 3', '0-1 мм, для minic 3 і 4  - від 0 до 2', 4, NULL),
	(362, 16, 'Яка відстань дозволяється від кінця ізоляції до зони зварювання?', '1-3 мм', '3-5 мм ', '0-6 мм', '1-4 мм', 2, NULL),
	(363, 16, 'Яка швидкість повинна бути у приладі MAV?', '45 мм/хв', '50 мм/хв', '60 мм/хв', '65 мм/хв', 2, NULL),
	(364, 16, 'Перед початком перевірки в програму Splice Checker вносяться дані', 'сума площ поперечного перерізу всіх проводів, що входять до зварного вузла', 'кількість проводів', 'поперечний переріз найменшого проводу', 'відповіді а і b правильні', 4, NULL),
	(365, 15, 'Який № Schlenigera закріплений  для нарізання алюмінюєвих проводів?', '6S ', '7S ', '8S ', '9S ', 4, NULL),
	(366, 15, 'Для чого використовується BDE?', 'для логування працівників на позиціях', 'для внесення даних по бракованій продукції', 'для запису по невідповідностях', 'варіант а і б правильні', 1, NULL),
	(367, 15, 'Для чого використовується обладнання Ondal?', 'для набивання контактів', 'для зварювання контактів', 'для відізолювання', 'для бандажування проводів', 4, NULL),
	(368, 16, 'Позиціонування звару відбувається відносно шрумпфувальної трубки таким чином, щоб перекриття ізоляції проводу(ів) трубкою було не менше…', '10 мм з обох сторін', '15 мм з обох сторін', '10 мм зі сторін з більшим перерізом, допускається 5мм зі сторни з меншим перерізом', 'відповіді а і с правильні', 1, NULL),
	(369, 16, 'До правил ручного ізолювання односторонніх зварних вузлів належать...', 'ізоляційна стрічка повинна  виступати на ізоляцію проводу, як мінімум, на 10 мм і виступати мінімум на 5 мм над зварним вузлом', 'Ізоляційна стрічка повинна  виступати на ізоляцію проводу, як мінімум, на 10 мм від зварного вузла', 'слід зробити 3 витки обмотки', 'відповіді а і с правильні', 4, NULL),
	(370, 16, 'Яка помилка зображена на фото?', 'неправильно виставлені проводи', 'перепалений звар', 'завеликі завусени', 'обірвані дротові нитки', 3, 1),
	(371, 16, 'Яка помилка зображена на фото?', 'неправильно виставлені проводи', 'перепалений звар', 'завеликі завусени', 'обірвані дротові нитки', 2, 1),
	(372, 16, 'Яка помилка зображена на фото?', 'неправильно виставлені проводи', 'перепалений звар', 'завеликі завусени', 'обірвані дротові нитки', 4, 1),
	(373, 16, 'Яка помилка зображена на фото?', 'неправильно виставлені проводи', 'перепалений звар', 'розплавлена ізоляція', 'обірвані дротові нитки', 3, 1),
	(374, 16, 'Яка помилка зображена на фото?', 'неправильно виставлені проводи', 'перепалений звар', 'завеликі завусени', 'петлі виступають за рівень ізоляції', 4, 1),
	(375, 15, 'Що саме означає дане позначення?', 'монтажний фіксатор', 'капка', 'незафіксований конектор', 'зафіксований конектор', 3, 1),
	(376, 15, 'Що саме означає дане позначення?', 'монтажний фіксатор', 'капка', 'незафіксований конектор', 'зафіксований конектор', 4, 1),
	(377, 15, 'Що саме означає дане позначення?', 'монтажний фіксатор', 'капка', 'незафіксований конектор', 'зафіксований конектор', 2, 1),
	(378, 15, 'Що саме означає дане позначення?', 'напрямок формування гілки', 'монтажний фіксатор', 'напрямок розташування монтажного фіксатора', 'додатковий пункт контролю', 2, 1),
	(379, 15, 'Яка  відстань від кінця контакту  до початку ізоляції при зварюванні контактів на алюмінієвий провід?', '3 мм', '5 мм', 'відповідно до критичних пунктів контролю', 'немає правильної відповіді', 1, NULL),
	(380, 15, 'Вкажіть повний і правильний перелік контрольно-вимірювальних приладів, що використовуються на дільниці HV Cu?', 'прилад для розтягу, штангенциркуль, мікрометр, лінійка', 'прилад для розтягу, штангенциркуль, кусачки, лінійка', 'штангенциркуль, мікрометр, рулетка', 'прилад для розтягу, штангенциркуль, мікрометр, фіксувачка', 1, NULL),
	(381, 15, 'Вкажіть повний і правильний перелік засобів для проведення контролю, що використовуються на дільниці HV Alu?', 'прилад для розтягу, штангенциркуль, мікрометр, лінійка', 'прилад для розтягу, штангенциркуль, кусачки, лінійка', 'штангенциркуль, мікрометр, рулетка, лупа з підсвіткою', 'прилад для розтягу, штангенциркуль, мікрометр, лінійка, лупа з підсвіткою ', 4, NULL),
	(382, 15, 'У якому випадку проводиться вимірювання параметрів вкінці замовлення при опарцюванні HV проводів', 'при кожному замовленні', 'при замовленні більше 100шт', 'у замовленні менше 100 шт', 'у випадку, якщо під час виготовлення замовлення відбувалася зміна параметрів', 2, NULL),
	(383, 15, 'Ch це ….', 'висота кримпа', 'ширина кримпа', 'ширина ізоляційного кримпа', 'висота ізоляційного кримпа', 1, NULL),
	(384, 15, 'Який обсяг перевірки висоти затиску для контактів вкінці замовлення для LV та HV проводів?', 'при виготовленні LV перевіряється 1 шт, при виготовленні НV перевіряється 1 шт', 'при виготовленні LV перевіряється 1 шт, при виготовленні НV перевіряється 3 шт', 'при виготовленні LV перевіряється 3 шт, при виготовленні НV перевіряється 1 шт', 'при виготовленні LV перевіряється 3 шт, при виготовленні НV перевіряється 3 шт', 3, NULL),
	(385, 15, 'Який обсяг перевірки висоти затиску для контактів на початку замовлення для LV та HV проводів?', 'при виготовленні LV перевіряється 1 шт, при виготовленні НV перевіряється 1 шт', 'при виготовленні LV перевіряється 1 шт, при виготовленні НV перевіряється 3 шт', 'при виготовленні LV перевіряється 3 шт, при виготовленні НV перевіряється 1 шт', 'при виготовленні LV перевіряється 3 шт, при виготовленні НV перевіряється 3 шт', 3, NULL),
	(386, 16, 'Які дії працівника у випадку потрапляння продукції у жовту зону кроку сплетення?', 'працівник зобовязаний перевірити ще 3 зразки продукції', 'працівник зобовязаний викинути дане сплетення у шрот', 'працівник зобовязаний повідомити керівника', 'правильні відповіді - а і с', 3, NULL),
	(387, 16, 'На яку відстань повинні проглядатися дротові нитки із вихідної кривої набігання?', 'не повинно бути дротових ниток', 'менше ніж 1 мм', 'більше ніж 1 мм', 'від1 до 3 мм', 2, NULL),
	(388, 16, 'Яким є допустиме зміщення проводів (контактів) у сплетенні?', '3-6 мм', 'до 6 мм', 'до 10 мм', 'немає правильної відповіді', 2, NULL),
	(389, 16, 'Вкажіть напрям сплетення на малюнку', 'напрям S', 'напрям Z', 'неможливо визначити', 'правильної відповіді немає', 1, 1),
	(390, 16, 'Вкажіть напрям сплетення на малюнку', 'напрям S', 'напрям Z', 'неможливо визначити', 'правильної відповіді немає', 2, 1),
	(391, 10, 'Що таке "SMART"?', 'методика постановки цілі', 'методика виконання завдань по пріоритетності', 'методика розподілу завдань по важливості та терміновості', 'правильні відповіді в і с', 1, NULL),
	(392, 18, 'Картонна перекладка на колику з кліпами повинна бути через кожних... ', '5-10 кліпів', '10-15 кліпів', '15-20 кліпів', 'немає правильної відповіді', 1, NULL),
	(394, 18, 'Комплектація робочого місця не повинна перевищувати гранично допустиму межу, а в разі відсутності такої, максимально допустима границя завантаження становить.....', '85% від повнох ємності тари', '80% від повнох ємності тари', '75% від повнох ємності тари', '70% від повнох ємності тари', 2, NULL),
	(395, 18, 'Жовта термоетикетка на проводі означає...', 'новий провід в інструкції', 'випавший провід', 'зміна по KW', 'провід, виготовлений новим працівником', 4, NULL),
	(396, 18, 'Дефініція - це...', 'конкретна кількість', 'алгоритм замовлень', 'принцип роботи системи XPPS', 'принцип закидання проводів на лижу канбану', 1, NULL),
	(397, 18, 'Максимальна межа транспортування тари - ', 'не більше 5 ящиків', 'не більше 6 ящиків', 'не вище 2 метрів', 'не вище 2,5 метрів', 3, NULL),
	(398, 18, 'Провід, на якому є контакт та відізолювання, закладається в тубус...', 'частину проводу з контактом закладається в тубус дальше від працівника', 'частину проводу з контактом закладається в тубус ближче до працівника', 'не має значення', 'згідно інформації на замовленні', 2, NULL),
	(399, 18, 'Провід, на якому є два контакти з сілом, контакт з сілом та контакт, два контакти, закладається в тубус до працівника контактом', 'меншим контактом до працівника', 'Контактом, що має вмонтовуватися першим, до працівника', 'контакт з сілом до фолії', 'більшим контактом до працівника', 2, NULL),
	(400, 18, 'При поверненні проводу на канбан', 'провід потрібно завішати зі сторони завантаження', 'провід потрібно завішати зі сторони видачі', 'заборонено повератати проводи на канбан', 'провід потрібно завішати третьою вязкою на канбані', 2, NULL),
	(401, 18, 'Вкажіть повний перелік інформації, що міститься на картці канбан', 'бар-код, місце на складі, місце використання, назва дільниці', 'бар-код, місце знаходження на складі, матч-код', 'бар-код, місце на складі, пакування, кількість в замовленні, номер частини', 'бар-код, місце знаходження на складі,пакування, опис матеріалу, номер частини', 4, NULL),
	(402, 18, 'Визначіть найвищий пріоритет з переліку', 'BL', 'RT', 'GN', 'WS', 2, NULL),
	(403, 18, 'При закінченні матеріалу конкретного замовлення на позиції канбану залишається картка канбан. Що з нею треба зробити?', 'залишити на лижі', 'забрати з матеріалом', 'занести укладальнику-пакувальнику дільниці канбан', 'поставити в лоток на стелажі', 4, NULL),
	(404, 18, 'На що повинен звертати увагу укладальник-пакувальник перед тим, як брати матеріал зі складської позиції?', 'звірити Teilenummer частини з пдписом складської позиції ', 'звірити колір і довжину проводу', 'звірити позицію на канбані ', 'перевірити цілісність пакування', 1, NULL);
/*!40000 ALTER TABLE `test_questions` ENABLE KEYS */;

-- Dumping structure for таблиця Testing.test_results
CREATE TABLE IF NOT EXISTS `test_results` (
  `id` int(11) NOT NULL AUTO_INCREMENT,
  `date_time` datetime DEFAULT CURRENT_TIMESTAMP,
  `test_id` int(11) DEFAULT NULL,
  `pytannya` int(11) DEFAULT NULL,
  `vidpovid` int(11) DEFAULT NULL,
  `check` datetime DEFAULT NULL,
  PRIMARY KEY (`id`)
) ENGINE=InnoDB AUTO_INCREMENT=5556 DEFAULT CHARSET=utf8mb4 ROW_FORMAT=COMPRESSED;

-- Dumping structure for таблиця Testing.test_users
CREATE TABLE IF NOT EXISTS `test_users` (
  `id` int(11) NOT NULL AUTO_INCREMENT,
  `date_created` datetime DEFAULT CURRENT_TIMESTAMP,
  `employee_id` int(11) DEFAULT NULL,
  `category` int(11) DEFAULT NULL,
  `result` varchar(10) DEFAULT NULL,
  `date_end` datetime DEFAULT NULL ON UPDATE CURRENT_TIMESTAMP,
  PRIMARY KEY (`id`)
) ENGINE=InnoDB AUTO_INCREMENT=48 DEFAULT CHARSET=utf8mb4 ROW_FORMAT=COMPRESSED;

-- Dumping structure for таблиця Testing.test_words
CREATE TABLE IF NOT EXISTS `test_words` (
  `id` int(11) NOT NULL AUTO_INCREMENT,
  `word` varchar(50) DEFAULT NULL,
  `true` int(11) DEFAULT NULL,
  PRIMARY KEY (`id`)
) ENGINE=InnoDB AUTO_INCREMENT=16 DEFAULT CHARSET=utf8mb4 ROW_FORMAT=COMPRESSED;

-- Dumping data for table Testing.test_words
/*!40000 ALTER TABLE `test_words` DISABLE KEYS */;
INSERT INTO `test_words` (`id`, `word`, `true`) VALUES
	(1, 'Біосорика', 0),
	(2, 'Памфлет', 1),
	(3, 'Інструктизм', 0),
	(4, 'Абревіатура', 1),
	(5, 'Номенклатура', 1),
	(6, 'Раритет', 1),
	(7, 'Формологія', 0),
	(8, 'Канделябр', 1),
	(9, 'Проспектизація', 0),
	(10, 'Манускрипт', 1),
	(11, 'Преамбула', 1),
	(12, 'Рандеву', 1),
	(13, 'Пантеократія', 0),
	(14, 'Цейтнот', 1),
	(15, 'Телескопізм', 0);
/*!40000 ALTER TABLE `test_words` ENABLE KEYS */;

-- Dumping structure for таблиця Testing.test_words_result
CREATE TABLE IF NOT EXISTS `test_words_result` (
  `id` int(11) NOT NULL AUTO_INCREMENT,
  `test_id` int(11) DEFAULT NULL,
  `word_id` varchar(50) DEFAULT NULL,
  `question` int(11) DEFAULT '0',
  PRIMARY KEY (`id`)
) ENGINE=InnoDB AUTO_INCREMENT=406 DEFAULT CHARSET=utf8mb4 ROW_FORMAT=COMPRESSED;

-- Dumping structure for таблиця Testing.users
CREATE TABLE IF NOT EXISTS `users` (
  `data` timestamp NOT NULL DEFAULT CURRENT_TIMESTAMP,
  `users_id` int(11) NOT NULL AUTO_INCREMENT,
  `users_login` varchar(30) NOT NULL DEFAULT '0',
  `users_password` varchar(32) DEFAULT NULL,
  `users_hash` varchar(32) DEFAULT NULL,
  `testuvannya` int(11) DEFAULT NULL,
  `report` int(11) DEFAULT NULL,
  PRIMARY KEY (`users_id`),
  KEY `data` (`data`)
) ENGINE=InnoDB AUTO_INCREMENT=2866 DEFAULT CHARSET=utf8mb4 ROW_FORMAT=COMPRESSED;

-- Dumping data for table Testing.users
/*!40000 ALTER TABLE `users` DISABLE KEYS */;
INSERT INTO `users` (`data`, `users_id`, `users_login`, `users_password`, `users_hash`, `testuvannya`) VALUES
	('2017-01-30 08:54:43', 1, '924', 'e75e877156be0c5772d670232a5f934c', '43570a555a8aadb7f1ddc132748dab13', 1);
/*!40000 ALTER TABLE `users` ENABLE KEYS */;

/*!40101 SET SQL_MODE=IFNULL(@OLD_SQL_MODE, '') */;
/*!40014 SET FOREIGN_KEY_CHECKS=IF(@OLD_FOREIGN_KEY_CHECKS IS NULL, 1, @OLD_FOREIGN_KEY_CHECKS) */;
/*!40101 SET CHARACTER_SET_CLIENT=@OLD_CHARACTER_SET_CLIENT */;
